Beta,0-19_mean,0-19_sd,0-19_ci95_low,0-19_ci95_high,20-39_mean,20-39_sd,20-39_ci95_low,20-39_ci95_high,40-59_mean,40-59_sd,40-59_ci95_low,40-59_ci95_high,60+_mean,60+_sd,60+_ci95_low,60+_ci95_high
0.0,0.0011299435028248592,0.0007910961458027314,0.0008468533827399787,0.0014130336229097398,0.0009455263900649168,0.000313158321610528,0.0008334641238781082,0.0010575886562517254,0.0009287232852187536,0.0004962047632516875,0.0007511586911287732,0.001106287879308734,0.0016190476190476191,0.0023348575833053624,0.0007835295633145673,0.002454565674780671
0.004,0.0013182674199623357,0.0007711044670160722,0.0010423312302542376,0.0015942036096704337,0.0014324019192774485,0.00037573789891849927,0.0012979458389519066,0.0015668579996029903,0.001107754279959718,0.00039571546281091745,0.0009661493202074291,0.001249359239712007,0.0012380952380952382,0.001788749473083693,0.0005979994598214048,0.0018781910163690717
0.008,0.0019346002396849855,0.001226475947613855,0.0014957114584245054,0.0023734890209454657,0.0015946937623482927,0.0008333738266600437,0.0012964747684668368,0.0018929127562297486,0.0014993845809555778,0.0007308515944678045,0.0012378526966962033,0.0017609164652149522,0.001142857142857143,0.001423636797492685,0.0006334152575721199,0.001652299028142166
0.012,0.002054442732408834,0.0014464351514510685,0.0015368425609356418,0.0025720429038820266,0.0027025119954840527,0.0016618734104376339,0.0021078182331357603,0.003297205757832345,0.0017455521987244044,0.000744894215150118,0.0014789952271904248,0.002012109170258384,0.0017142857142857142,0.002068496310858831,0.0009740838157642956,0.0024544876128071327
0.016,0.005529875021400446,0.005172608781115996,0.003678880741163644,0.007380869301637247,0.0093847022297488,0.00884727275544657,0.006218746334183603,0.012550658125313996,0.004072955130356944,0.0029787073427191145,0.0030070383971987705,0.005138871863515117,0.002190476190476191,0.0024524566761787857,0.0013128758398159787,0.0030680765411364034
0.02,0.02184557438794727,0.029881413996410287,0.011152647717237393,0.032538501058657146,0.0315763477279142,0.046199106060200126,0.015044209944427313,0.04810848551140108,0.013695871097683788,0.018868072555408802,0.006944018046925979,0.020447724148441596,0.00561904761904762,0.009112119925307865,0.0023583173809224606,0.008879777857172779
0.024,0.24026707755521315,0.11149235261231624,0.2003700515653572,0.2801641035450691,0.32587496471916455,0.1502495083959629,0.2721088686508445,0.3796410607874846,0.1519077990377084,0.07000525651524235,0.12685673972131703,0.17695885835409977,0.05523809523809523,0.026595024570883058,0.045721187919842386,0.06475500255634807
0.028,0.44851908919705524,0.016769175667647844,0.4425183167515494,0.4545198616425611,0.5596387242449902,0.018840001670919343,0.5528969162312398,0.5663805322587405,0.28837417477900856,0.014703595211815189,0.2831125608067036,0.2936357887513135,0.11342857142857142,0.01813469037711677,0.10693915581986452,0.11991798703727832
0.032,0.554562574901558,0.022192266651518345,0.5466211742707167,0.5625039755323994,0.6718388371436638,0.019339963349634653,0.6649181201408906,0.678759554146437,0.3742083473201299,0.01571669668582996,0.3685841996413234,0.37983249499893645,0.15552380952380954,0.023171281374874387,0.1472320729735351,0.16381554607408397
0.036000000000000004,0.6393425783256294,0.014199300751867396,0.6342614238081987,0.64442373284306,0.7471069714930849,0.013680897228440752,0.7422113252940526,0.7520026176921172,0.4393084927828131,0.011835782778433876,0.43507311231000656,0.4435438732556196,0.18800000000000003,0.019456369565733364,0.1810376275677714,0.19496237243222866
0.04,0.7118472864235577,0.013393656266291177,0.7070544280827392,0.7166401447643761,0.8022368049675417,0.007854839636978628,0.7994259867024326,0.8050476232326508,0.4983887210473313,0.013978053623699943,0.493386738797916,0.5033907032967466,0.2223809523809524,0.022170516122270233,0.21444733507704214,0.23031456968486266
0.044,0.761462078411231,0.012724400332491115,0.756908710230581,0.766015446591881,0.8415961049957664,0.008960218053858137,0.8383897321442345,0.8448024778472983,0.548651672820857,0.012261328639868577,0.5442640127172441,0.5530393329244699,0.25266666666666665,0.024286390408824503,0.24397589347337031,0.26135743985996296
0.048,0.8022598870056499,0.011072553198558217,0.7982976247303794,0.8062221492809204,0.8747459779847586,0.006928669680907205,0.8722665853819718,0.8772253705875455,0.5937786729327513,0.01125543768734133,0.5897509662836636,0.597806379581839,0.2802857142857143,0.023967489122447172,0.27170905845215326,0.28886237011927535
0.052000000000000005,0.8343091936312276,0.012669175205211245,0.829775587508573,0.8388427997538821,0.9001552356759809,0.005647731114094914,0.8981342210524373,0.9021762502995244,0.6337585319458431,0.009993992526646504,0.6301822276502066,0.6373348362414796,0.30276190476190473,0.020867644745682163,0.2952945139924181,0.3102292955313914
0.056,0.8589625064201336,0.007836561324195442,0.8561582289652512,0.861766783875016,0.9179861699125035,0.005368131623921583,0.9160652086815454,0.9199071311434616,0.6649994405281416,0.009318783493085939,0.6616647566820639,0.6683341243742194,0.32895238095238094,0.024655068248444264,0.32012967808853277,0.3377750838162291
0.06,0.8812703304228727,0.008789097940828288,0.878125192117361,0.8844154687283845,0.9331569291560825,0.00554818171381165,0.9311715378279248,0.9351423204842402,0.6903547051583304,0.011842193734005607,0.6861170305545358,0.6945923797621251,0.3428571428571429,0.026676048080032235,0.3333112416485059,0.35240304406577994
0.064,0.9019517205957884,0.00897676894242515,0.8987394250848467,0.9051640161067301,0.944044594976009,0.004572468367436631,0.942408358184704,0.945680831767314,0.720521427772183,0.0092296263937658,0.717218648384352,0.7238242071600139,0.3741904761904762,0.02256567031785686,0.3661154547737104,0.382265497607242
0.068,0.913627803458312,0.007639639541119152,0.9108939935584974,0.9163616133581265,0.9529212531752751,0.003453194097646512,0.951685543537495,0.9541569628130552,0.7381783596285106,0.010249660503890048,0.7345105657222071,0.7418461535348142,0.3875238095238095,0.02232739985811412,0.37953405209602803,0.39551356695159096
0.07200000000000001,0.9255949323745934,0.007122845778521388,0.9230460547476628,0.9281438100015241,0.9615580016934799,0.0032749780320044533,0.9603860658557509,0.962729937531209,0.7616649882510911,0.007836353309375215,0.758860785233356,0.7644691912688262,0.41238095238095246,0.021815338280287307,0.4045744338354825,0.4201874709264224
0.076,0.9366204417051874,0.005453254854602821,0.9346690195173363,0.9385718638930386,0.9672523285351399,0.002523222398692995,0.9663494049959005,0.9681552520743792,0.7783036813248294,0.008700866390549762,0.7751901162740935,0.7814172463755653,0.41800000000000004,0.02159247660048367,0.4102732314824283,0.4257267685175718
0.08,0.9437596302003083,0.006204149039598029,0.9415395039792885,0.945979756421328,0.9724033305108665,0.003192737821219524,0.9712608239546103,0.9735458370671226,0.791988362985342,0.009596048936589486,0.788554460974553,0.7954222649961311,0.4359047619047619,0.02185852190933755,0.4280827902960981,0.44372673351342573
0.084,0.9505906522855675,0.006436795409736355,0.9482872746301814,0.9528940299409536,0.9761007620660459,0.0021316528192435484,0.9753379599012514,0.9768635642308404,0.8105852075640596,0.0076104285664083515,0.8078618506772987,0.8133085644508206,0.44961904761904753,0.02602962998862244,0.440304464153637,0.45893363108445806
0.088,0.9570107858243451,0.004320713522376646,0.9554646383473392,0.9585569333013509,0.9794312729325431,0.0023055834915287937,0.9786062304760155,0.9802563153890707,0.82186416023274,0.007003908405294318,0.8193578437982105,0.8243704766672695,0.469904761904762,0.02105899134774894,0.4623688986331094,0.47744062517641456
0.092,0.9614278376990242,0.0043190289515158435,0.9598822930379589,0.9629733823600894,0.9825289302850693,0.0020057053036463502,0.9818111978599062,0.9832466627102323,0.8305471634776768,0.007597892355714637,0.8278282926162991,0.8332660343390544,0.4831428571428572,0.02995986055031348,0.47242185873335485,0.49386385555235957
0.096,0.966050333846944,0.004759877324945875,0.9643470336214817,0.9677536340724064,0.9847304544171607,0.0020968524110735695,0.9839801054184953,0.985480803415826,0.8405617097459995,0.006392573741838403,0.8382741566112384,0.8428492628807607,0.49780952380952387,0.0248365050313481,0.48892189462675406,0.5066971529922937
0.1,0.9697483307652799,0.004065150770960137,0.9682936352443625,0.9712030262861973,0.9863533728478692,0.0015342904798111106,0.9858043340509046,0.9869024116448337,0.8509231285666329,0.006445760859094422,0.8486165426663971,0.8532297144668687,0.5116190476190476,0.024324030432599834,0.502914805116228,0.5203232901218673
0.10400000000000001,0.9745249101181305,0.003866163911891549,0.9731414211302343,0.9759083991060267,0.9886042901495907,0.0018065717068151453,0.9879578167668829,0.9892507635322986,0.8610160008951548,0.0060810667692515995,0.8588399190989215,0.8631920826913881,0.5223809523809524,0.02478431472982032,0.5135119992577301,0.5312499055041747
0.108,0.9766649546310564,0.002689792278507991,0.9757024248258409,0.9776274844362719,0.990015523567598,0.0012419172044306113,0.9895711092035501,0.990459937931646,0.8671925702137181,0.006447046744326901,0.8648855241653615,0.8694996162620747,0.5270476190476191,0.02622624814863961,0.517662676677257,0.5364325614179812
0.112,0.9806539976031501,0.00295303682691938,0.9795972669460953,0.9817107282602049,0.9916737228337565,0.0013053087076811273,0.9912066241116027,0.9921408215559104,0.8776882622804074,0.0062958034619208314,0.8754353379455815,0.8799411866152334,0.5437142857142858,0.023811953898976477,0.5351932874456408,0.5522352839829309
0.116,0.9804143126177024,0.0028825802158620947,0.9793827945351125,0.9814458307002923,0.9919841941857184,0.0013961401017897291,0.9914845918666223,0.9924837965048144,0.8844019245831934,0.005888894842361375,0.8822946106278212,0.8865092385385657,0.5470476190476191,0.025330839291037414,0.5379830946218628,0.5561121434733755
0.12,0.9823146721451805,0.0029231602349160694,0.9812686326892683,0.9833607116010927,0.9931202370872144,0.0015089198862607,0.9925802770405546,0.9936601971338742,0.8908806087053821,0.0058321738534642155,0.8887935920952105,0.8929676253155537,0.5542857142857145,0.019992961463797504,0.5471313249088129,0.5614401036626161
0.124,0.9843177538092793,0.0032727238410200058,0.9831466246234344,0.9854888829951243,0.9940163703076489,0.0012491745593074476,0.9935693589325113,0.9944633816827865,0.8961284547387268,0.005384429427655969,0.8942016614136032,0.8980552480638504,0.5731428571428572,0.025715380381735358,0.5639407264550543,0.58234498783066
0.128,0.9859955487074131,0.0028926606670235345,0.9849604233817024,0.9870306740331238,0.9943691786621507,0.001280529927102168,0.9939109469127496,0.9948274104115518,0.9007049345417928,0.005062106902956559,0.8988934828508148,0.9025163862327708,0.5702857142857145,0.024122604966565632,0.5616535509602114,0.5789178776112176
0.132,0.9880328710837187,0.002777856346921036,0.9870388279563432,0.9890269142110942,0.9953711543889359,0.0007473520656036388,0.9951037178869128,0.995638590890959,0.9047107530491217,0.005220316884946434,0.9028426866431843,0.9065788194550591,0.5845714285714286,0.022341473758087708,0.576576634863222,0.5925662222796353
0.136,0.9889916110255094,0.0029386782529050356,0.9879400185181769,0.9900432035328418,0.9956957380750778,0.0012753710294220737,0.9952393524135025,0.9961521237366532,0.9102271455745778,0.003785198510617983,0.9088726296834295,0.9115816614657262,0.5946666666666666,0.01997511940543918,0.5875186619883507,0.6018146713449825
0.14,0.9903954802259887,0.0025454614353271946,0.9894845985496951,0.9913063619022823,0.9959074230877786,0.0009537308577648542,0.9955661348834487,0.9962487112921085,0.9162134944612288,0.005228398988616465,0.9143425359116365,0.9180844530108211,0.5996190476190476,0.01970555005046703,0.5925675070955315,0.6066705881425637
0.14400000000000002,0.9912343776750556,0.0020363572362916958,0.9905056765966644,0.9919630787534468,0.996570702794242,0.0008672941097694515,0.9962603455829394,0.9968810600055446,0.9187423072619451,0.003509546454107529,0.9174864321923875,0.9199981823315027,0.6104761904761904,0.021080367422967497,0.6029326778742603,0.6180197030781205
0.148,0.9913713405238828,0.0020650418194304433,0.9906323747992429,0.9921103062485226,0.9970011289867344,0.0008152850697354868,0.9967093829713868,0.9972928750020821,0.9216068031778003,0.004652809441371654,0.9199418167024163,0.9232717896531843,0.6218095238095239,0.01900380840135922,0.6150090983101025,0.6286099493089453
0.152,0.991884951206985,0.002250529255285731,0.9910796096558808,0.9926902927580893,0.9971987016652554,0.0007835862899497717,0.996918298912574,0.9974791044179367,0.9270560590802286,0.004547578170981928,0.9254287291313356,0.9286833890291216,0.6262857142857142,0.02185487286580033,0.61846504847051,0.6341063801009185
0.156,0.9924841636706045,0.0019381730418124772,0.9917905973549764,0.9931777299862327,0.9972692633361558,0.0007946821003730215,0.9969848899987082,0.9975536366736035,0.9291149155197497,0.004912268826039957,0.927357082695976,0.9308727483435233,0.6327619047619049,0.0183749873336577,0.6261864999916478,0.639337309532162
0.16,0.9927752097243623,0.002022911843046111,0.9920513200181522,0.9934990994305724,0.997727914197008,0.0007204014265786622,0.9974701218573012,0.9979857065367148,0.932919324157995,0.005347789722019922,0.9310056421831459,0.934833006132844,0.6437142857142858,0.018685138810981414,0.6370278946632512,0.6504006767653204
0.164,0.9942475603492552,0.0014983305245256026,0.9937113896570261,0.9947837310414843,0.9980383855489698,0.0007741628752801348,0.9977613549219202,0.9983154161760195,0.9370482264742083,0.004366758527619081,0.9354856020036884,0.9386108509447282,0.6492380952380952,0.023316605377373976,0.6408943551614009,0.6575818353147894
0.168,0.9944187639102894,0.0020796731616766428,0.993674562427069,0.9951629653935098,0.9981301157211405,0.0005127767883849593,0.9979466209040178,0.9983136105382633,0.9387490209242473,0.0048490964286385585,0.9370137940525584,0.9404842477959362,0.6478095238095237,0.023511966597993973,0.6393958746178646,0.6562231730011828
0.17200000000000001,0.9950693374422189,0.0012109259000654528,0.9946360131740093,0.9955026617104286,0.9984758679085524,0.0007235404454831206,0.9982169522853569,0.9987347835317478,0.9393420610943266,0.0035252514254445915,0.9380805660729523,0.9406035561157009,0.647142857142857,0.020952007759029032,0.6396452774567566,0.6546404368289575
0.176,0.9953603834959767,0.0015815214040905963,0.9947944433298208,0.9959263236621325,0.9985393734123625,0.0004528210146793104,0.9983773334933177,0.9987014133314074,0.9426653239342059,0.003891208985460957,0.9412728726818341,0.9440577751865776,0.6652380952380951,0.019379296153356138,0.6583033031722745,0.6721728873039157
0.18,0.9956171888375277,0.0015244113379095441,0.9950716852460905,0.9961626924289649,0.9984476432401922,0.0006608888287293898,0.99821114721012,0.9986841392702643,0.9457647980306587,0.00418867832218927,0.9442658987432374,0.94726369731808,0.6696190476190474,0.023506578453462497,0.6612073265501462,0.6780307686879486
0.184,0.9960623180962164,0.0013100342126309782,0.9955935283738335,0.9965311078185992,0.9986804967541633,0.0005322936768893598,0.9984900179081841,0.9988709756001424,0.947543918540897,0.003684543273621349,0.9462254216637204,0.9488624154180737,0.6754285714285716,0.024297012729679487,0.666733997086575,0.6841231457705682
0.188,0.9961650402328368,0.0012342389210549046,0.9957233735072072,0.9966067069584664,0.9988004515946939,0.000591813599979887,0.9985886738177763,0.9990122293716115,0.9489873559359961,0.003985999895066668,0.9475609841922585,0.9504137276797338,0.6769523809523811,0.02201571102156657,0.66907415994231,0.6848306019624522
0.192,0.9962848827255607,0.001319374832767899,0.9958127505051891,0.9967570149459323,0.9989204064352245,0.0005813203195732997,0.9987123836304758,0.9991284292399732,0.9514714109880271,0.003055909682909337,0.9503778677522355,0.9525649542238187,0.6836190476190477,0.021194894467525923,0.6760345520405615,0.6912035431975339
0.196,0.9966444102037321,0.0015303668678351672,0.9960967754532811,0.997192044954183,0.9989556872706747,0.00048759964956666024,0.9987812019769698,0.9991301725643796,0.9535190779903768,0.004475736284091695,0.9519174563305391,0.9551206996502145,0.6821904761904761,0.020461712527752397,0.6748683463996072,0.689512605981345
0.2,0.9968327341208697,0.0015734484419160466,0.9962696828271266,0.9973957854146128,0.999195596951736,0.00042482741362064497,0.9990435744141781,0.9993476194892938,0.9555779344298979,0.004463217365997742,0.9539807926073661,0.9571750762524297,0.6856190476190476,0.021868821804394548,0.6777933902402734,0.6934447049978217
0.20400000000000001,0.9972607430234548,0.0010213007326476168,0.9968952752499333,0.9976262107969763,0.9991814846175557,0.00038407584221835295,0.9990440448425395,0.999318924392572,0.9559919436052363,0.003528776787918536,0.9547291870491025,0.9572547001613702,0.6919047619047621,0.021643693047745237,0.6841596658169165,0.6996498579926078
0.20800000000000002,0.9973634651600753,0.0012415871041804786,0.9969191689208848,0.9978077613992659,0.9991814846175557,0.0003959613614165155,0.9990397916641175,0.999323177570994,0.9572339711312519,0.004177454183904388,0.9557390883501322,0.9587288539123715,0.6983809523809523,0.02346102922070489,0.68998553089566,0.7067763738662447
0.212,0.9975517890772126,0.000979008968018891,0.9972014552173005,0.9979021229371248,0.9993155517922666,0.00035891146420564783,0.9991871169742728,0.9994439866102605,0.9591249860132033,0.0037397583715292363,0.9577867306669958,0.9604632413594107,0.7067619047619048,0.017052030875489683,0.7006599138802083,0.7128638956436013
0.216,0.9979113165553843,0.0011359918923939882,0.997504807077441,0.9983178260333276,0.999386113463167,0.000370214071633181,0.9992536340590493,0.9995185928672846,0.9596844578717688,0.003529877741641782,0.9584213073444049,0.9609476083991327,0.7019047619047619,0.019498762418850093,0.694927219384873,0.7088823044246508
0.22,0.9977743537065571,0.0010476801303680211,0.9973994461867948,0.9981492612263194,0.9994072819644371,0.0003307560074696464,0.9992889224472403,0.9995256414816338,0.9617656931856327,0.0026185805676737727,0.9608286461638671,0.9627027402073982,0.7104761904761905,0.020919514452221996,0.7029902383705995,0.7179621425817815
0.224,0.9978770758431776,0.0011018474136190272,0.9974827848100439,0.9982713668763114,0.9996401354784081,0.0002731899241016725,0.9995423757195846,0.9997378952372317,0.9628958263399349,0.003462509130637922,0.9616567833604085,0.9641348693194612,0.7214285714285714,0.023617286337211763,0.7129772340522578,0.7298799088048851
0.228,0.998116760828625,0.0009942216641399344,0.9977609831753199,0.9984725384819301,0.9994355066327972,0.00038246320034899546,0.9992986439342627,0.9995723693313318,0.9634664876356719,0.0035008444674753223,0.9622137265320383,0.9647192487393055,0.7196190476190477,0.018081578112598175,0.7131486379901074,0.726089457247988
0.232,0.9982023626091421,0.0008503909189681182,0.9978980541269847,0.9985066710912994,0.9994990121366075,0.00029143439956856224,0.9993947236760854,0.9996033005971297,0.9654693968893362,0.0022539579553862094,0.9646628283936585,0.9662759653850139,0.7219047619047619,0.01917853205941536,0.7150418123472938,0.7287677114622301
0.23600000000000002,0.9986646122239341,0.0008487848912476897,0.9983608784514155,0.9989683459964527,0.9995484053062377,0.0003031292952210409,0.9994399318810533,0.9996568787314221,0.9664428779232402,0.003951733966751721,0.965028768084472,0.9678569877620085,0.7304761904761906,0.020165861626394277,0.7232599295707121,0.7376924513816692
0.24,0.9981510015408318,0.0010586207527063453,0.9977721789696462,0.9985298241120174,0.9996754163138583,0.0002205040049797733,0.9995965099690605,0.999754322658656,0.9671142441535189,0.00375510415392281,0.9657704973896074,0.9684579909174303,0.7306666666666666,0.016488894748033556,0.72476619146014,0.7365671418731932
0.244,0.9985276493751066,0.001226846726867849,0.9980886279121941,0.9989666708380192,0.9995272368049676,0.0003412563693072852,0.9994051197815444,0.9996493538283907,0.9682219984334786,0.0032201615745136867,0.9670696784131392,0.9693743184538179,0.7364761904761906,0.022667729135728874,0.7283646477804875,0.7445877331718938
0.248,0.9987844547166581,0.0007568161675252436,0.9985136315292572,0.999055277904059,0.9995695738075078,0.0003018522387271867,0.9994615573711206,0.9996775902438949,0.9696542463914064,0.0022743230468742293,0.9688403903413328,0.97046810244148,0.7336190476190476,0.020516666757181598,0.7262772527097341,0.7409608425283611
0.252,0.9985961307995205,0.0010087542982698651,0.9982351527098806,0.9989571088891603,0.9997389218176688,0.0001900157034230164,0.9996709255714661,0.9998069180638715,0.9698780351348326,0.0029448597814400474,0.9688242305959228,0.9709318396737424,0.7393333333333332,0.02005879231050898,0.7321553866904789,0.7465112799761875
0.256,0.9986132511556239,0.0009063144925322193,0.9982889306796782,0.9989375716315697,0.9997177533163986,0.0002314446543567072,0.9996349319105019,0.9998005747222952,0.9719592704486963,0.0025254951091273035,0.9710555336304728,0.9728630072669199,0.7437142857142857,0.015452818021300737,0.738184565802857,0.7492440056257144
0.26,0.998870056497175,0.0008782799645145417,0.9985557680482403,0.9991843449461096,0.9997318656505788,0.00024819674098351934,0.9996430495874713,0.9998206817136863,0.9724292268098914,0.002381373892429788,0.9715770631067161,0.9732813905130667,0.7496190476190477,0.02213748014591733,0.7416972520874499,0.7575408431506456
0.264,0.9988358157849684,0.0007379511066092949,0.9985717433729169,0.9990998881970199,0.9996895286480384,0.00025916078123492607,0.9995967891535151,0.9997822681425617,0.9727984782365446,0.0026876103139495807,0.9718367292373186,0.9737602272357707,0.7559999999999999,0.019108932515974578,0.749161956319289,0.7628380436807108
0.268,0.9990583804143125,0.00048787577092029676,0.9988837963118502,0.9992329645167748,0.9997036409822184,0.0001973292124044937,0.9996330276304378,0.999774254333999,0.9735146022155086,0.002950681643611454,0.9724587143499765,0.9745704900810406,0.7474285714285716,0.014069296680293369,0.7423939382706858,0.7524632045864573
0.272,0.9992809450436567,0.0005817099863167377,0.9990727827984547,0.9994891072888588,0.9997389218176687,0.0002402886685881914,0.9996529356219243,0.9998249080134131,0.9746783036813246,0.0025037850258817647,0.9737823357166161,0.975574271646033,0.7526666666666667,0.021363557641947348,0.7450218157463498,0.7603115175869836
0.276,0.9988358157849683,0.0008085349552546602,0.9985464852670657,0.9991251463028709,0.9997389218176687,0.00020563738064872223,0.9996653354260643,0.999812508209273,0.9746671142441533,0.0030812980369331563,0.9735644859025532,0.9757697425857534,0.7534285714285712,0.01801008396871511,0.7469837456504493,0.7598733972066931
0.28,0.9990241397021057,0.0007181688747294338,0.9987671462708179,0.9992811331333935,0.9998588766581994,0.0001604779939836636,0.9998014503455712,0.9999163029708276,0.975953899518854,0.002525110439808438,0.9750503003527784,0.9768574986849297,0.7573333333333333,0.014450932939419877,0.752162133394029,0.7625045332726376
0.28400000000000003,0.999075500770416,0.0007060335337366786,0.9988228499151313,0.9993281516257007,0.999774202653119,0.00023541634918185879,0.9996899599944821,0.9998584453117559,0.9762224460109654,0.0019890235958749778,0.9755106830582632,0.9769342089636677,0.7602857142857143,0.0150504663598688,0.7548999740672161,0.7656714545042126
0.28800000000000003,0.9991953432631395,0.0005509237068095207,0.9989981977465727,0.9993924887797063,0.9997883149872989,0.00020043695024301819,0.9997165895458152,0.9998600404287826,0.9766588340606466,0.0021371532077991925,0.9758940636070859,0.9774236045142073,0.7656190476190478,0.016769049828090823,0.759618320204649,0.7716197750334465
0.292,0.9992809450436568,0.0006121863721298817,0.9990618769638538,0.9995000131234598,0.9997953711543891,0.0002256984780672766,0.9997146059912695,0.9998761363175087,0.9768826228040728,0.002353471973870267,0.9760404436742234,0.9777248019339222,0.7748571428571428,0.017872801016790417,0.7684614431524471,0.7812528425618385
0.296,0.9994007875363805,0.0005574890670972064,0.9992012926358076,0.9996002824369534,0.9998941574936495,0.00014443019458529725,0.9998424738122842,0.9999458411750148,0.97754279959718,0.0024051052815626996,0.9766821437254674,0.9784034554688927,0.7694285714285715,0.020822631546419522,0.7619772884255709,0.776879854431572
0.3,0.9992295839753466,0.0005682627988996208,0.9990262337443616,0.9994329342063315,0.9999012136607396,0.00015459287538954498,0.9998458933107537,0.9999565340107255,0.9791093208011635,0.0024583679847106966,0.9782296051159122,0.9799890364864149,0.7726666666666665,0.01710477433888395,0.7665458017789909,0.7787875315543421
0.304,0.9991953432631396,0.0005168474481738383,0.9990103917791192,0.9993802947471601,0.9998729889923794,0.00011922985774237705,0.9998303231357385,0.9999156548490203,0.978874342620566,0.002665034001898233,0.9779206724508522,0.9798280127902799,0.7676190476190478,0.01659779342029256,0.7616796035231258,0.7735584917149697
0.308,0.9993494264680705,0.00042510631062899764,0.9991973041284998,0.9995015488076411,0.9998518204911093,0.0001771083883433618,0.9997884430682888,0.9999151979139298,0.9801051807094102,0.0020616393362075476,0.9793674325477547,0.9808429288710657,0.7741904761904762,0.019815948812803026,0.7670994299772248,0.7812815224037276
0.312,0.9993494264680702,0.0006171194605274618,0.9991285931052555,0.999570259830885,0.9998235958227492,0.00017652579338203994,0.9997604268788581,0.9998867647666402,0.9802730222669799,0.002233088193113662,0.9794739219198189,0.9810721226141409,0.7809523809523811,0.01748965043648201,0.7746937899219795,0.7872109719827827
0.316,0.9993151857558635,0.000492514947596706,0.9991389415453482,0.9994914299663789,0.9998447643240193,0.00019203792110916381,0.9997760444365111,0.9999134842115274,0.980239453955466,0.0025893084269002394,0.9793128818347483,0.9811660260761836,0.7795238095238095,0.016728713966796004,0.7735375161120012,0.7855101029356178
0.32,0.9992980653997601,0.0005476115102156299,0.9991021051375223,0.9994940256619979,0.9998800451594695,0.0001437151892303756,0.9998286173394844,0.9999314729794546,0.980854872999888,0.0025204898288374573,0.9799529272982132,0.981756818701563,0.7824761904761904,0.013416582706925974,0.7776751280139553,0.7872772529384255
0.324,0.9995891114535183,0.000546225500627345,0.9993936471684418,0.9997845757385947,0.9999223821620097,0.0001301752539920229,0.9998757995456233,0.999968964778396,0.9814702920443101,0.002464235439535616,0.9805884767173151,0.9823521073713052,0.7835238095238097,0.016174337556830537,0.7777358971625248,0.7893117218850947
0.328,0.9994007875363807,0.0005061774302273044,0.9992196542692455,0.9995819208035159,0.9999153259949196,0.00011922985774237706,0.9998726601382787,0.9999579918515605,0.9810115251202863,0.0025967259822601246,0.9800822986614725,0.9819407515791002,0.7834285714285715,0.017935689321647106,0.7770103674330027,0.7898467754241403
0.332,0.9994863893168978,0.0005395230934143631,0.9992933234574399,0.9996794551763557,0.9998941574936495,0.00012115822850810359,0.9998508015783925,0.9999375134089066,0.982007385028533,0.002696439014260491,0.9810424767194753,0.9829722933375907,0.791904761904762,0.016216052434437175,0.7861019220662372,0.7977076017432868
0.336,0.9996062318096217,0.0004197227294077337,0.9994560359598494,0.999756427659394,0.9999294383290996,0.0001283823951869309,0.9998834972789971,0.9999753793792022,0.9822647420834731,0.0020219609661664604,0.9815411926441845,0.9829882915227618,0.7927619047619048,0.018466674372971788,0.786153690206001,0.7993701193178085
0.34,0.9995548707413113,0.0003750882092142824,0.9994206471494607,0.999689094333162,0.9999364944961897,0.00011324790021631461,0.9998959692555578,0.9999770197368216,0.9830368132482936,0.0024882957015945973,0.9821463880670961,0.9839272384294911,0.7914285714285715,0.017208413241123353,0.7852706198360294,0.7975865230211135
0.34400000000000003,0.9994007875363806,0.0005061774302273116,0.9992196542692454,0.9995819208035158,0.9998941574936495,0.00014443019458529725,0.9998424738122842,0.9999458411750148,0.9838983999104844,0.0019383680801433997,0.983204763801286,0.9845920360196829,0.7976190476190477,0.020535865995013253,0.7902703823507112,0.8049677128873841
0.34800000000000003,0.9995719910974148,0.00038348227175285485,0.9994347637288618,0.9997092184659678,0.9999576629974598,8.612152882566578e-05,0.9999268448041637,0.9999884811907559,0.9830927604341502,0.002419815871135999,0.9822268404455651,0.9839586804227353,0.7990476190476189,0.014023872946962944,0.7940292405639487,0.804065997531289
0.352,0.9994863893168978,0.0004672407048252127,0.9993191893780038,0.9996535892557918,0.9999576629974598,8.612152882566578e-05,0.9999268448041637,0.9999884811907559,0.9833277386147476,0.0022567145295374867,0.9825201836916785,0.9841352935378168,0.7954285714285713,0.01967505198606775,0.7883879444972386,0.8024691983599039
0.356,0.999674713234035,0.00045707138503555235,0.999511152339492,0.9998382741285781,0.9999082698278295,0.00013252800922506974,0.9998608452887957,0.9999556943668634,0.9843124090858228,0.00238496087387493,0.9834589617978223,0.9851658563738234,0.8055238095238093,0.018906538281040785,0.7987581916899135,0.8122894273577052
0.36,0.9995719910974148,0.0005574890670972098,0.9993724961968419,0.9997714859979877,0.9999082698278295,0.00013252800922506974,0.9998608452887957,0.9999556943668634,0.9845250083920778,0.0019914965354716884,0.9838123605093059,0.9852376562748497,0.8013333333333335,0.016790019711267812,0.7953251019426125,0.8073415647240544
0.364,0.999623352165725,0.00035515757949845263,0.9994962606581216,0.9997504436733283,0.9999647191645499,9.761495287412523e-05,0.9999297881022791,0.9999996502268207,0.9852970795568982,0.0020129408300383215,0.9845767579318685,0.9860174011819278,0.8000952380952381,0.012699822034545404,0.795550665145552,0.8046398110449242
0.368,0.9995719910974148,0.0005061774302273116,0.9993908578302796,0.99975312436455,0.9999364944961897,0.00011324790021631461,0.9998959692555578,0.9999770197368216,0.9853082689940695,0.001627125081421406,0.9847260097615647,0.9858905282265744,0.8036190476190476,0.01915797261231265,0.7967634551652387,0.8104746400728564
0.372,0.9995719910974148,0.00046886026151785715,0.9994042116076014,0.9997397705872282,0.9999435506632798,0.00011025200248986776,0.9999040974908809,0.9999830038356786,0.98539778449144,0.00214263088525048,0.9846310538761774,0.9861645151067026,0.8087619047619049,0.017659430931403704,0.8024425585616665,0.8150812509621433
0.376,0.9998287964389659,0.000280776719871858,0.9997283217801431,0.9999292710977887,0.9999435506632798,0.00011025200248986776,0.9999040974908809,0.9999830038356786,0.9857222781694079,0.0021041723546010925,0.984969309762592,0.9864752465762239,0.8151428571428573,0.016780237026925535,0.8091381264407693,0.8211475878449452
0.38,0.9996575928779318,0.0003652588609238569,0.9995268866731934,0.9997882990826701,0.9999506068303697,0.00010669071401220999,0.9999124280486857,0.9999887856120537,0.9862705605908021,0.0017638652818148014,0.9856393695060119,0.9869017516755922,0.8081904761904763,0.014717290493014751,0.8029239614247344,0.8134569909562183
0.384,0.9996404725218285,0.0004297175277524681,0.9994867000794023,0.9997942449642547,0.9999294383290996,0.00010149519506463502,0.9998931187399936,0.9999657579182056,0.9857334676065792,0.0024679381563623383,0.9848503272793845,0.9866166079337739,0.8071428571428572,0.015188239459355919,0.80170781545388,0.8125778988318343
0.388,0.9997089539462422,0.00039745986786217407,0.9995667247591592,0.9998511831333251,0.9999435506632798,9.521093249550344e-05,0.9999094798686532,0.9999776214579064,0.9863600760881728,0.001862722333214389,0.985693509461863,0.9870266427144826,0.8115238095238095,0.015729653628865203,0.8058950252624849,0.8171525937851342
0.392,0.9997431946584489,0.0003989827081830087,0.9996004205299557,0.999885968786942,0.9999576629974598,8.612152882566578e-05,0.9999268448041637,0.9999884811907559,0.9863600760881727,0.002163804473697284,0.9855857686015933,0.987134383574752,0.8153333333333335,0.013578211078487269,0.8104744329011409,0.8201922337655261
0.396,0.9997945557267591,0.0003191861665463972,0.9996803364239646,0.9999087750295537,0.9999576629974598,0.00010250512237753036,0.9999209820105063,0.9999943439844133,0.9874342620566184,0.0016903726909172818,0.9868293699577264,0.9880391541555105,0.8128571428571427,0.01823684973474621,0.8063311699918083,0.8193831157224771
0.4,0.9998116760828625,0.00028559497522727704,0.9997094772335043,0.9999138749322206,0.9999647191645499,8.023899699183182e-05,0.9999360060082357,0.999993432320864,0.9873895043079332,0.001881815615017091,0.9867161052384784,0.9880629033773879,0.8163809523809525,0.02016027731974923,0.8091666897939427,0.8235952149679624
