country,group_i,group_j,connection_type,n_i,n_j,target_avg_degree,probability_p,max_possible_edges
Uganda,0,0,intra_group,1652,1652,8.900950662143604,0.005391248129705393,1363726
Uganda,1,1,intra_group,1462,1462,23.74645897827971,0.016253565351320814,1067991
Uganda,2,2,intra_group,1329,1329,15.650043773057217,0.011784671515856339,882456
Uganda,3,3,intra_group,1178,1178,11.723503279824365,0.00996049556484653,693253
Uganda,4,4,intra_group,1016,1016,4.153826944438877,0.004092440339348647,515620
Uganda,5,5,intra_group,852,852,1.6159569572543615,0.0018988918416619994,362526
Uganda,6,6,intra_group,672,672,0.7828549361406959,0.001166698861610575,225456
Uganda,7,7,intra_group,494,494,0.5547580598977908,0.0011252698983728008,121771
Uganda,8,8,intra_group,361,361,0.296572608240113,0.0008238128006669806,64980
Uganda,9,9,intra_group,287,287,0.16522637394825623,0.0005777145942246722,41041
Uganda,10,10,intra_group,232,232,0.10943798633638169,0.00047375751660771293,26796
Uganda,11,11,intra_group,172,172,0.13072312053116542,0.00076446269316471,14706
Uganda,12,12,intra_group,121,121,0.06380739963922089,0.0005317283303268407,7260
Uganda,13,13,intra_group,84,84,0.05236469657711066,0.0006308999587603694,3486
Uganda,14,14,intra_group,53,53,0.027369324159020377,0.000526333156904238,1378
Uganda,15,15,intra_group,35,35,0.02274492687618289,0.0006689684375347909,595
Uganda,0,1,inter_group,1652,1462,3.896304791811649,0.0026650511571899103,2415224
Uganda,0,2,inter_group,1652,1329,1.4799674998022447,0.0011135948079776107,2195508
Uganda,0,3,inter_group,1652,1178,0.7637538832555364,0.0006483479484342414,1946056
Uganda,0,4,inter_group,1652,1016,0.9487847026222423,0.0009338432112423645,1678432
Uganda,0,5,inter_group,1652,852,1.1923493573152564,0.0013994710766610991,1407504
Uganda,0,6,inter_group,1652,672,1.0503166239008257,0.0015629711665190859,1110144
Uganda,0,7,inter_group,1652,494,0.7625876485638796,0.001543699693449149,816088
Uganda,0,8,inter_group,1652,361,0.37544249893039977,0.0010400069222448747,596372
Uganda,0,9,inter_group,1652,287,0.21696739153249528,0.0007559839426219347,474124
Uganda,0,10,inter_group,1652,232,0.19675234501243677,0.0008480704526398137,383264
Uganda,0,11,inter_group,1652,172,0.17751028784775136,0.0010320365572543684,284144
Uganda,0,12,inter_group,1652,121,0.09352533161254699,0.0007729366248970825,199892
Uganda,0,13,inter_group,1652,84,0.056306959103576464,0.0006703209417092436,138768
Uganda,0,14,inter_group,1652,53,0.02191714197134572,0.0004135309805914287,87556
Uganda,0,15,inter_group,1652,35,0.010686783646573602,0.00030533667561638865,57820
Uganda,1,2,inter_group,1462,1329,4.89350160830447,0.0036820930085059967,1942998
Uganda,1,3,inter_group,1462,1178,1.1942459860453536,0.0010137911596310302,1722236
Uganda,1,4,inter_group,1462,1016,0.5816982107565789,0.0005725376090123808,1485392
Uganda,1,5,inter_group,1462,852,0.8457283139679822,0.0009926388661596036,1245624
Uganda,1,6,inter_group,1462,672,1.0674465312822803,0.0015884621001224408,982464
Uganda,1,7,inter_group,1462,494,0.8858718464009343,0.001793262846965454,722228
Uganda,1,8,inter_group,1462,361,0.5406491234811756,0.0014976430013328964,527782
Uganda,1,9,inter_group,1462,287,0.2762980928794356,0.000962711125015455,419594
Uganda,1,10,inter_group,1462,232,0.18993925715319276,0.0008187036946258309,339184
Uganda,1,11,inter_group,1462,172,0.1788644126805601,0.001039909376049768,251464
Uganda,1,12,inter_group,1462,121,0.10507902355843968,0.0008684216823011543,176902
Uganda,1,13,inter_group,1462,84,0.06513330963419406,0.000775396543264215,122808
Uganda,1,14,inter_group,1462,53,0.02878242959008943,0.0005430647092469704,77486
Uganda,1,15,inter_group,1462,35,0.012652535825567187,0.00036150102358763393,51170
Uganda,2,3,inter_group,1329,1178,3.21584870608214,0.002729922500918625,1565562
Uganda,2,4,inter_group,1329,1016,0.6418638716003932,0.0006317557791342452,1350264
Uganda,2,5,inter_group,1329,852,0.4166107032785559,0.0004889796986837511,1132308
Uganda,2,6,inter_group,1329,672,0.6491412466325037,0.0009659839979650353,893088
Uganda,2,7,inter_group,1329,494,0.6441064252587237,0.0013038591604427605,656526
Uganda,2,8,inter_group,1329,361,0.46235920766315536,0.0012807734284297932,479769
Uganda,2,9,inter_group,1329,287,0.27712100746644075,0.0009655784232280166,381423
Uganda,2,10,inter_group,1329,232,0.18463647767943428,0.0007958468865492857,308328
Uganda,2,11,inter_group,1329,172,0.11091257775683742,0.0006448405683537059,228588
Uganda,2,12,inter_group,1329,121,0.059385787330667225,0.0004907916308319605,160809
Uganda,2,13,inter_group,1329,84,0.056291693108782834,0.0006701392036759862,111636
Uganda,2,14,inter_group,1329,53,0.027490805726938933,0.000518694447678093,70437
Uganda,2,15,inter_group,1329,35,0.015290092222198647,0.00043685977777710417,46515
Uganda,3,4,inter_group,1178,1016,2.5327867540281552,0.0024929003484529086,1196848
Uganda,3,5,inter_group,1178,852,0.6972440293461032,0.0008183615367912009,1003656
Uganda,3,6,inter_group,1178,672,0.3570435899480586,0.0005313148659941349,791616
Uganda,3,7,inter_group,1178,494,0.4187289850546723,0.0008476295244021707,581932
Uganda,3,8,inter_group,1178,361,0.36406042946601747,0.0010084776439501868,425258
Uganda,3,9,inter_group,1178,287,0.31884141963743046,0.0011109457130224058,338086
Uganda,3,10,inter_group,1178,232,0.17697393238135237,0.0007628186740575533,273296
Uganda,3,11,inter_group,1178,172,0.10696553020352773,0.0006218926174623705,202616
Uganda,3,12,inter_group,1178,121,0.05243643209300941,0.00043335894291743316,142538
Uganda,3,13,inter_group,1178,84,0.028480671998608015,0.0003390556190310478,98952
Uganda,3,14,inter_group,1178,53,0.016979883334282065,0.000320375157250605,62434
Uganda,3,15,inter_group,1178,35,0.01044860802598219,0.00029853165788520545,41230
Uganda,4,5,inter_group,1016,852,1.4649987468947767,0.0017194820972943389,865632
Uganda,4,6,inter_group,1016,672,0.5256954793178567,0.0007822849394610962,682752
Uganda,4,7,inter_group,1016,494,0.26542077496117505,0.0005372890181400304,501904
Uganda,4,8,inter_group,1016,361,0.18912716412850303,0.0005238979615748006,366776
Uganda,4,9,inter_group,1016,287,0.19059332874914445,0.0006640882534813395,291592
Uganda,4,10,inter_group,1016,232,0.11859119116992256,0.0005111689274565627,235712
Uganda,4,11,inter_group,1016,172,0.08256461788194006,0.00048002684815081427,174752
Uganda,4,12,inter_group,1016,121,0.028578709764169728,0.00023618768400140273,122936
Uganda,4,13,inter_group,1016,84,0.017297938948970304,0.00020592784463059887,85344
Uganda,4,14,inter_group,1016,53,0.007794592816427107,0.0001470677889891907,53848
Uganda,4,15,inter_group,1016,35,0.0049597955014467725,0.00014170844289847922,35560
Uganda,5,6,inter_group,852,672,0.7489402402556785,0.0011144944051423788,572544
Uganda,5,7,inter_group,852,494,0.337334270867234,0.0006828628964923765,420888
Uganda,5,8,inter_group,852,361,0.16623251116031107,0.00046047787025016917,307572
Uganda,5,9,inter_group,852,287,0.12649236405665845,0.0004407399444482873,244524
Uganda,5,10,inter_group,852,232,0.10991380519470888,0.00047376640170133135,197664
Uganda,5,11,inter_group,852,172,0.07789935843619544,0.00045290324672206655,146544
Uganda,5,12,inter_group,852,121,0.02727126616116947,0.00022538236496834273,103092
Uganda,5,13,inter_group,852,84,0.015211383619190217,0.00018108790022845496,71568
Uganda,5,14,inter_group,852,53,0.0058140722316383136,0.00010969947606864743,45156
Uganda,5,15,inter_group,852,35,0.004611050783744102,0.00013174430810697433,29820
Uganda,6,7,inter_group,672,494,0.48973745562358095,0.0009913713676590707,331968
Uganda,6,8,inter_group,672,361,0.22064589867247208,0.0006112074755470141,242592
Uganda,6,9,inter_group,672,287,0.12201743537371361,0.00042514785844499517,192864
Uganda,6,10,inter_group,672,232,0.09969571616939607,0.00042972291452325894,155904
Uganda,6,11,inter_group,672,172,0.08466337453973022,0.0004922289217426175,115584
Uganda,6,12,inter_group,672,121,0.0376447549470612,0.0003111136772484397,81312
Uganda,6,13,inter_group,672,84,0.024115631614732572,0.00028709085255634013,56448
Uganda,6,14,inter_group,672,53,0.008524761031350608,0.00016084454776133224,35616
Uganda,6,15,inter_group,672,35,0.0039050001206733746,0.00011157143201923928,23520
Uganda,7,8,inter_group,494,361,0.29029477215573884,0.0008041406430906893,178334
Uganda,7,9,inter_group,494,287,0.15407700570754193,0.000536853678423491,141778
Uganda,7,10,inter_group,494,232,0.078945517343362,0.0003402824023420776,114608
Uganda,7,11,inter_group,494,172,0.07014318954524422,0.00040780924154211755,84968
Uganda,7,12,inter_group,494,121,0.04808780376682974,0.0003974198658415681,59774
Uganda,7,13,inter_group,494,84,0.04071729938943765,0.00048472975463616246,41496
Uganda,7,14,inter_group,494,53,0.015757258556779414,0.0002973067652222531,26182
Uganda,7,15,inter_group,494,35,0.0057355132093305705,0.00016387180598087344,17290
Uganda,8,9,inter_group,361,287,0.17534547121189412,0.0006109598300065997,103607
Uganda,8,10,inter_group,361,232,0.1029136807631429,0.0004435934515652711,83752
Uganda,8,11,inter_group,361,172,0.05088709924288152,0.0002958552281562879,62092
Uganda,8,12,inter_group,361,121,0.03575832657743465,0.000295523360144088,43681
Uganda,8,13,inter_group,361,84,0.03225976589501734,0.00038404483208353976,30324
Uganda,8,14,inter_group,361,53,0.008502934530923939,0.00016043272699856488,19133
Uganda,8,15,inter_group,361,35,0.008050690881841693,0.00023001973948119121,12635
Uganda,9,10,inter_group,287,232,0.15200543403331726,0.0006551958363505055,66584
Uganda,9,11,inter_group,287,172,0.07324519014057235,0.00042584412872425785,49364
Uganda,9,12,inter_group,287,121,0.03475350831049285,0.00028721907694622187,34727
Uganda,9,13,inter_group,287,84,0.022319496971145793,0.00026570829727554513,24108
Uganda,9,14,inter_group,287,53,0.017721297786980002,0.0003343641091883019,15211
Uganda,9,15,inter_group,287,35,0.011482051084313697,0.00032805860240896277,10045
Uganda,10,11,inter_group,232,172,0.1281422229591323,0.0007450129241810018,39904
Uganda,10,12,inter_group,232,121,0.044166275711526475,0.0003650105430704667,28072
Uganda,10,13,inter_group,232,84,0.027247251407764912,0.0003243720405686299,19488
Uganda,10,14,inter_group,232,53,0.017568720892777463,0.0003314852998637257,12296
Uganda,10,15,inter_group,232,35,0.014405698359975372,0.00041159138171358207,8120
Uganda,11,12,inter_group,172,121,0.10161765642679543,0.0008398153423702101,20812
Uganda,11,13,inter_group,172,84,0.042592944287816736,0.0005070588605692468,14448
Uganda,11,14,inter_group,172,53,0.022850031446908888,0.00043113266880960165,9116
Uganda,11,15,inter_group,172,35,0.020079637027784394,0.0005737039150795541,6020
Uganda,12,13,inter_group,121,84,0.07123903279482827,0.0008480837237479556,10164
Uganda,12,14,inter_group,121,53,0.03234986306907166,0.0006103747748881444,6413
Uganda,12,15,inter_group,121,35,0.007049859655006867,0.00020142456157162477,4235
Uganda,13,14,inter_group,84,53,0.055668731613101444,0.0010503534266622914,4452
Uganda,13,15,inter_group,84,35,0.014620639332001976,0.00041773255234291357,2940
Uganda,14,15,inter_group,53,35,0.03519387443389633,0.0010055392695398951,1855
