Country,Beta_Used,R0,Final_Size,Age_1,Age_2,Age_3,Age_4,Age_5,Age_6,Age_7,Age_8,Age_9,Age_10,Age_11,Age_12,Age_13,Age_14,Age_15,Age_16,Young_Avg,Middle_Avg,Middle2_Avg,Old_Avg,Rank
Uganda,0.058,4.353421382453152,0.943596436962248,0.9417614406467834,0.9966430674692648,0.987287295077162,0.9764765630176456,0.9251321450614352,0.9176554928587246,0.9269212392613192,0.94732068762142,0.9504284750703846,0.9294706897986365,0.9205979425598476,0.8936822314117594,0.7817103018922533,0.5002849332851638,0.3928427502792015,0.3833033906420401,0.975542091552714,0.9292573912007247,0.9235448347101569,0.5145353440246647,1
Ethiopia,0.058,4.196880844804089,0.9216124937218788,0.8821603432826679,0.9912195903636404,0.9953331964088158,0.9799511484304148,0.9346990890297128,0.9229820474215074,0.9324013267074605,0.9321640467172512,0.9349553207744548,0.906641485539638,0.904898084063564,0.8910028605818712,0.7619416862411513,0.5452688069874728,0.3914020996736242,0.3700628167994708,0.9621660696213847,0.9305616274689829,0.909374437739882,0.5171688524254298,2
Guinea,0.058,3.827673164565588,0.9173777594315646,0.8853999119663829,0.969525655679758,0.9905962180835974,0.9900341508636284,0.925978246530453,0.874444486964756,0.8918539131495945,0.9175540943669486,0.9397566156836308,0.9107998026287404,0.9089732191426232,0.8584910139636154,0.7201092903713227,0.5187455982641049,0.4708465360499262,0.6937314594092507,0.9588889841483417,0.902457685252938,0.9045051628546524,0.6008582210236512,3
Cameroon,0.058,3.753721549063033,0.927187572553431,0.906745499570034,0.9865256066743516,0.9891583097620114,0.9801038903047692,0.9333917760617282,0.9243877044369576,0.922103567464326,0.9168254182115568,0.9274645126987922,0.9042119393387308,0.9052549852249764,0.8689852961572522,0.7787435601790393,0.5539296369533904,0.4678189729281127,0.3138835143165357,0.9656333265777916,0.9241771165436421,0.9014791833549378,0.5285939210942695,4
Benin,0.058,4.022391095570699,0.9188058488212784,0.908857347422968,0.9932949664047904,0.9895556468201812,0.9811342297787652,0.9114352503506424,0.903547579150913,0.9217962586202634,0.9369179441222836,0.9340683841603784,0.902550555551306,0.8979475694170699,0.8579563133026974,0.7529990527449415,0.4453774737387899,0.4273080064980141,0.2471378533350897,0.9682105476066762,0.9184242580610257,0.8981307056078629,0.4682055965792088,5
Qatar,0.058,3.7057941531516185,0.921986633198974,0.8508274492768805,0.9063585300807644,0.901373119272742,0.9610157997331816,0.9967013039743022,0.9896530388933324,0.9753050883613124,0.9630885463644596,0.936780454065696,0.8880727181527642,0.8919318925421792,0.8274914999643939,0.5793393800727248,0.3349520941435123,0.3279933825031268,0.3374746747087724,0.9048937245908921,0.9811869943983516,0.8860691411812582,0.39493988285703413,6
Burkina Faso,0.058,3.9514090701873936,0.9207990599960916,0.901758213024762,0.9912172026549652,0.9909833851098958,0.9789776079522944,0.9062094725082608,0.8964541256659111,0.8999005228335967,0.9026557594886708,0.9024692411549878,0.8706415050640736,0.8811966658848537,0.8639759402548284,0.7740316787177234,0.6024578477139023,0.5183852099552222,0.376084612701927,0.9657341021854793,0.9013049701241098,0.8795708380896858,0.5677398372721937,7
Zambia,0.058,3.9068026584327087,0.9271842266133437,0.8947231952260594,0.9900147627942,0.990221807446859,0.980653041600725,0.9339882791320936,0.916500246348001,0.9112268257312036,0.9102968097798796,0.9084422510135688,0.881228456266494,0.8803355291527785,0.8451960804623868,0.7724033638708923,0.519113813839999,0.5033161482094868,0.3091784733430206,0.9639032017669609,0.9180030402477943,0.8788005792238069,0.5260029498158496,8
Niger,0.058,4.756950192163544,0.9209866561192184,0.9243821203708352,0.9969782137358638,0.996551624230726,0.9583368626217617,0.8624838506175194,0.8693874354247191,0.9073318367659232,0.9185881888039494,0.9130509772583264,0.8699767554222222,0.8587513050633444,0.8622145680221405,0.7689571423563251,0.5883013639033132,0.4292783560455822,0.3363508530244494,0.9690622052397967,0.8894478279030278,0.8759984014415083,0.5307219288324174,9
Mozambique,0.058,4.082650837819421,0.913212625901995,0.9174993377152856,0.9952138303706988,0.978351106305128,0.932294601032473,0.8920396839102954,0.8956764167852921,0.9052223528007864,0.9160745554049552,0.9106306867471204,0.8753534782244566,0.8643082769751916,0.8447947140200625,0.7593757291829415,0.4856579157891825,0.4183489731841709,0.3362375851020029,0.9558397188558964,0.9022532522253324,0.8737717889917078,0.4999050508145745,10
Sierra Leone,0.058,3.732306639863714,0.9033413045738682,0.8644110802183794,0.9925751362718744,0.9771134663913408,0.9721597553922836,0.8800614191499192,0.9048278573071722,0.9028108005959522,0.9144707980387636,0.9045763962540112,0.8732743825830843,0.8730369902058808,0.8391249616202394,0.699147802357104,0.5617746425109258,0.4828330313801841,0.3779339416094169,0.9515648595684696,0.9005427187729518,0.872503182665804,0.5304223544644077,11
Luxembourg,0.058,2.986971057802385,0.7970032270407293,0.6188915043181707,0.922849264938942,0.9575080091372098,0.9774630166783468,0.8984574041086167,0.9329516190253788,0.951833655858624,0.9305191918788348,0.951658173927411,0.9203767559845604,0.8890316452290667,0.6911314804937195,0.5548768225539414,0.5471027844802161,0.4157324003740112,0.3177747808593679,0.8691779487681673,0.9284404677178636,0.8630495139086894,0.4588716970668842,12
Nepal,0.058,3.71010456592845,0.8669713671028605,0.7321825395816863,0.9749725049332344,0.9904089947294684,0.9886322403086232,0.9087761039094178,0.8938905230292163,0.8987333797061966,0.9152122175087696,0.9142953469632984,0.876339779285223,0.8710791967083035,0.7818529534548855,0.6903749134600154,0.4882906258294043,0.3448136578866643,0.3471872743352072,0.9215490698882531,0.9041530560384001,0.8608918191029276,0.4676666178778228,13
Zimbabwe,0.058,3.8121585301533214,0.9047384384768674,0.8414241078175576,0.9796533454193784,0.9878394761201348,0.9909848432312096,0.9406614614014288,0.915986928970014,0.9063178051668964,0.873206012770805,0.8698135134857875,0.8495732471929939,0.8710925090384225,0.8341503405097641,0.7177843197651557,0.433651924340787,0.4149350696955247,0.4875683290975141,0.9499754431470702,0.9090430520772861,0.856157402556742,0.5134849107247453,14
Cambodia,0.058,3.8651618202725726,0.8536148652836082,0.7368184149841928,0.9023117211186892,0.972747207996879,0.9956351057937513,0.9584750787160408,0.9212671126180724,0.9052261638454976,0.8549132655160607,0.8776644406550085,0.9338627414447896,0.836217424831014,0.7680213416238477,0.6104139788243532,0.3472041937690496,0.2844389785907264,0.2288475010070831,0.901878112473378,0.9099704051739179,0.853941487138665,0.3677261630478031,15
Ghana,0.058,3.133193456218058,0.8966232492486433,0.8886891735979257,0.9643727541666572,0.9725460798228692,0.972089255074001,0.9152970966935526,0.907936818370089,0.9042358997512856,0.9129048184100442,0.9108506332742764,0.8714779160533808,0.8596389516035792,0.7715206661703671,0.6711486452796962,0.4404240310102827,0.4495553476676528,0.31709415544199,0.9494243156653632,0.9100936583062429,0.8533720417754008,0.4695555448499054,16
Angola,0.058,2.1848918407155025,0.7239365218742801,0.3468023505559816,0.7378770569428723,0.855598859470761,0.8514326537539996,0.7039331961891362,0.7880551786294769,0.8560870430331684,0.900578145605439,0.9105600120593458,0.8804376511820081,0.8536178006636481,0.7632830869102283,0.6185536603807549,0.5717980488848577,0.5075479550598909,0.454115418990359,0.6979277301809037,0.8121633908643051,0.8519746377038075,0.5380037708289657,17
Iceland,0.058,2.491758393373084,0.76534281248497,0.7724984889723895,0.8358249767497931,0.8997984226798476,0.9600328679295304,0.8906568710967402,0.8679260623799642,0.8633041786331366,0.8900867341953037,0.8793471635857332,0.8612360687721147,0.8512433742681399,0.7823789882904302,0.5750909941230815,0.4092247120379838,0.3296458296187018,0.2943961621271824,0.8670386890828902,0.8779934615762862,0.8435513987291046,0.4020894244767374,18
Viet Nam,0.058,2.7183990046507667,0.811921677204873,0.7630778157893481,0.8768597140732723,0.918107866680343,0.9701163373470834,0.9270235343428463,0.9255505354664184,0.9025111698760704,0.9073661667513164,0.900145432465399,0.8596838024931434,0.8543407477613778,0.7560529801999857,0.5147089207963806,0.3241060198702239,0.313333955350627,0.3022356436529886,0.8820404334725118,0.9156128516091628,0.8425557407299764,0.36359613491755505,19
Vanuatu,0.058,3.303921604088586,0.8859609411953162,0.8864856126905177,0.9660873281282086,0.9781873087813068,0.9819782457971568,0.9217962277114992,0.8850104140353255,0.8723424873503494,0.881630900913078,0.877271008076146,0.8445782506080302,0.8233707635207181,0.8171326043125595,0.7072675925962093,0.5434773100367581,0.1183897980357461,0.0648293849373324,0.9531846238492975,0.8901950075025631,0.8405881566293635,0.3584910214015115,20
Italy,0.058,2.5915840964054517,0.7599592185231515,0.8516713081166951,0.8693434773732113,0.9397142260660076,0.9515568195813978,0.9016377140462308,0.9293049126119852,0.9183067167974828,0.9399025791649124,0.9264213378148164,0.8457433168923203,0.8143273595855246,0.7527495313557289,0.6454660593933403,0.6322132838410489,0.5269729331623145,0.3543829044143,0.903071457784328,0.9222879806551528,0.8348103864120975,0.5397587952027509,21
Lesotho,0.058,3.4557738643952303,0.8605547598479756,0.7250104366206904,0.9625523455870718,0.983004215150962,0.9859196062571912,0.9434720964129696,0.8964556879525186,0.851496313638592,0.8462881283579735,0.8661617876597965,0.8534490595940945,0.8452761475355915,0.7679399885257787,0.5775318844239423,0.3958012014511496,0.4473481578407463,0.2787754517197967,0.9141216509039789,0.8844280565905134,0.8332067458288153,0.42486417385890873,22
Nigeria,0.058,3.607757098977853,0.9021819289148364,0.8642103927105029,0.9869734247520088,0.976667260295528,0.985029349223101,0.918727044033522,0.9049164878507818,0.899054320811956,0.896162886762385,0.8849596531475816,0.8319451869650115,0.8472307571787763,0.7634051638828119,0.7380027569325682,0.4190734764915763,0.4829792740550661,0.3720961701901016,0.9532201067452852,0.9047151848646613,0.8318851902935454,0.503037919417328,23
Haiti,0.058,3.096894758943782,0.8657450195581751,0.8026480066837318,0.9563204674439686,0.9752370439261058,0.9720346856719267,0.9137566175262212,0.8985738839557474,0.875663837675711,0.8702050875427407,0.8757817720731762,0.8448156707498607,0.831176667352208,0.7714916008443983,0.6469702722597565,0.4340365281606089,0.3908442118799592,0.2924330357863408,0.9265600509314332,0.889549856675105,0.8308164277549108,0.4410710120216664,24
Namibia,0.058,3.353554496422487,0.880691248835939,0.8095118516128293,0.961169838877808,0.9837036915135036,0.977753485262294,0.9427857524725952,0.9202409227008834,0.9042897156350508,0.9222262396614592,0.9138274754044076,0.8596005334512069,0.8359406610323771,0.7117212980095045,0.5843112716207376,0.6704337261591702,0.0786958092803571,0.0441181504848756,0.9330347168166087,0.9223856576174971,0.830272491974374,0.3443897393862851,25
Monaco,0.058,2.2636623847359454,0.7915849844186384,0.5708878465475846,0.8830804381941897,0.9378127045142886,0.9260836311504131,0.7317053764278132,0.7941599511251357,0.8491591220035075,0.9047060084426468,0.9115792191985168,0.860226932427949,0.8150370577483029,0.7287328854903854,0.6819996278715246,0.710217837723546,0.6853524310854631,0.8135713199991434,0.8294661551016189,0.8199326144997758,0.8288940237162885,0.7227853041699193,26
Netherlands,0.058,2.80176835681431,0.7081642629203857,0.5965966649284504,0.919951311021838,0.9421331303319362,0.9545027753971258,0.8212443642181873,0.8286363592410171,0.9557835135266888,0.9376889430945584,0.9535252276703688,0.9046148792146828,0.7957664619748077,0.6606320792591223,0.4957709346289588,0.3121875219084521,0.3238030470817151,0.2107789550106675,0.8532959704198376,0.8858382950201129,0.8286346620297453,0.3356351146574484,27
Bhutan,0.058,2.9715408608177176,0.8483815034364396,0.8123697455217518,0.9471931458544256,0.9641402725873764,0.9762532827357396,0.9386772373295804,0.9168617511532804,0.8908951114237811,0.8717501777636726,0.8724956937426065,0.8382912696086048,0.832595397116195,0.7657483868506845,0.5728589577313785,0.3879544156616483,0.3418583865402779,0.2404001337750702,0.9249891116748233,0.9045460694175786,0.8272826868295227,0.3857679734270938,28
Iraq,0.058,3.765205074787053,0.8975063366056075,0.8983349266331437,0.9826004345377176,0.9841975466931864,0.9917573159664992,0.9186454524774068,0.8875992902462713,0.8887275015163896,0.8974151094871209,0.8821036184219875,0.830443193117134,0.8144886546542125,0.7816640290343235,0.7260079311287986,0.4503807577145811,0.3341328356944846,0.2971199630299204,0.9642225559576367,0.8980968384317971,0.8271748738069143,0.45191037189194616,29
New Zealand,0.058,2.372682228500852,0.7426964817059027,0.7352812296620334,0.8204950610127476,0.8823913180019495,0.9496854096820992,0.8743137434043307,0.8479300563694436,0.8313051918711349,0.8624093161253554,0.8842794680102917,0.8517015134552559,0.8274417125772439,0.7408132694726149,0.5333687618329304,0.4355774858754788,0.3844270676430474,0.2791831563179813,0.8469632545897074,0.8539895769425663,0.8260589908788516,0.40813911791735946,30
Georgia,0.058,2.390067737887564,0.7601857012689753,0.6135807018110526,0.8161954342778313,0.8717493471126587,0.9531568691477712,0.898337987132885,0.886204079531985,0.861751284974801,0.8654921856554292,0.8640618145016434,0.8307308618361642,0.843824301771223,0.7640520327143203,0.6085068491475456,0.3816991150606149,0.5336590973907982,0.4461611059644644,0.8136705880873285,0.8779463843237751,0.8256672527058377,0.49250654189085574,31
Kazakhstan,0.058,2.9123356119250428,0.7980739723604646,0.7208352895866601,0.7713312902013716,0.9060582285724054,0.980053743250473,0.9543691870854154,0.9324074991808114,0.8971106842578057,0.891034506543644,0.9004854862703249,0.8761514634319016,0.8440921103278105,0.6813928977621059,0.3741264260084284,0.4393167081714044,0.3932663816133986,0.3100478995970499,0.8445696379027275,0.9187304692669191,0.8255304894480356,0.3791893538475703,32
Switzerland,0.058,2.482728931635435,0.7183952979296038,0.4985553649557532,0.8034342166570128,0.9167793053781178,0.9640247813780204,0.8696632493768769,0.87523431137029,0.8606925192485974,0.8674166567517879,0.8850223835478858,0.8602627607519389,0.8358467404221457,0.7107680222282682,0.5083300598413149,0.465560283572496,0.3992133970464958,0.3052097314038664,0.795698417092226,0.868251684186888,0.8229749767375596,0.41957836796604325,33
Thailand,0.058,2.49330335923339,0.7529503474498765,0.7622384322847909,0.8725418444345733,0.910580538109611,0.9507005338877208,0.8994422296555661,0.8930658291234511,0.8996614885362746,0.9075934304955576,0.8973458186050984,0.851844553607042,0.8222854021625464,0.7129037135763578,0.5098364604673724,0.3820764972288071,0.3243499464356155,0.2547727056789849,0.8740153371791741,0.8999407444527123,0.8210948719877612,0.36775890245269494,34
Bolivia,0.058,3.0954467647359456,0.8306153378296727,0.8121402772304209,0.9422739695735616,0.974161510103476,0.9774691609327696,0.904094439663663,0.8837996322918289,0.8795950131716018,0.8846740044811807,0.8771628813291391,0.8374400441068806,0.8282685244172606,0.7344681461671847,0.5821917775858909,0.3118725294692078,0.2548460927079178,0.1586004529179721,0.926511229460057,0.8880407724020686,0.8193348990051162,0.3268777131702471,35
Bahrain,0.058,2.828594605247019,0.8642187288713172,0.8299048369422757,0.9094532948740488,0.9249528612949428,0.9424991261920116,0.9406821083689748,0.96922714156342,0.9349614817909566,0.904534031685786,0.885705100563973,0.8481162784134482,0.835674041454201,0.7039850625418055,0.4531641167346016,0.2446549515808396,0.2664823445941183,0.2094134166919681,0.9017025298258198,0.9373511908522844,0.8183701207433569,0.2934287074003819,36
Liberia,0.058,3.485743689608177,0.8961467294264934,0.8635191945085204,0.9821517596555752,0.9811554440874714,0.9787922721136804,0.912326353818216,0.8999303199684286,0.8947625130509136,0.9060119313269483,0.8804499562783746,0.8251938234983159,0.8051291535749724,0.7561666684865549,0.6667604404647848,0.5079229574187593,0.3827628159605674,0.3922749981136181,0.9514046675913118,0.9032577795411267,0.8167349004595544,0.48743030298943235,37
Peru,0.058,2.865386350936968,0.8237592494220339,0.7960357732314721,0.9126406180659324,0.9591577470768636,0.9725553202534808,0.915743150010349,0.8992342833549274,0.8923370092643201,0.8930879621942911,0.88592733106539,0.8342131900780022,0.8072551704559872,0.7337307244888996,0.5707559169067994,0.3673345316339941,0.304903177167742,0.2526638861279209,0.9100973646569372,0.9001006012059718,0.8152816040220697,0.3739143779591141,38
Sweden,0.058,2.25064552032368,0.713815037413209,0.6885576861887879,0.7509986224649765,0.8054515151888926,0.9300878396719884,0.8617643280565742,0.8566175754061349,0.8431754167126367,0.8771459250166646,0.882753419515255,0.8402109477445789,0.8109985967824728,0.7171122680079662,0.5502723437791557,0.5019372857979185,0.3978803734257331,0.2740565637476604,0.7937739158786613,0.8596758112980026,0.8127688080125682,0.4310366416876169,39
Kenya,0.058,3.460119269846678,0.897157447317716,0.8837411393395054,0.9771607690110442,0.9836078896976596,0.9796549683584924,0.9147661253790624,0.9024198514104608,0.8954591412510828,0.8927723369138911,0.8825344905366699,0.8537701411314659,0.7846609386672829,0.7220847797853059,0.6764700851496797,0.4075150177913669,0.433909682882501,0.2582226617853359,0.9560411916016754,0.9013543637386243,0.810762587530181,0.44402936190222086,40
Singapore,0.058,2.5281204168654177,0.7341290898244038,0.6270513659048143,0.8854561682153015,0.9451975524173396,0.970963793519988,0.8855740988904154,0.8590216781741482,0.8779340982645765,0.8887368685448019,0.8718369908027035,0.8211986418334852,0.8147834888260723,0.7348517305022576,0.5342907592174039,0.350571126902154,0.316240136992429,0.2318830332492054,0.8571672200143607,0.8778166859684855,0.8106677129911297,0.3582462640902981,41
Senegal,0.058,3.743861183969336,0.8922941446228678,0.8774035740416897,0.9702218288727742,0.9919245015838516,0.9792056915148788,0.9018154411128052,0.880279393661119,0.8714376809429509,0.8775348166849841,0.8616015906837319,0.8130812659476911,0.8030205235655327,0.7496520750291411,0.6199112660185221,0.5002343391959905,0.4961592289901155,0.4417787713802283,0.9546888990032985,0.8827668331004648,0.8068388638065243,0.5145209013962141,42
Armenia,0.058,2.568214187529813,0.7448528739158892,0.622636206383002,0.8316194704405545,0.8751334580205763,0.9687728533825778,0.9260940498623108,0.8917519078936291,0.8285250081968014,0.8042538455588661,0.8141092195495511,0.8277736417041228,0.8513604305348199,0.7338103142510999,0.5160213149160843,0.2815649808442495,0.451169952224918,0.3656128570200072,0.8245404970566778,0.8626562028779019,0.8067634015098984,0.4035922762513148,43
Finland,0.058,2.078466414020443,0.751569415672546,0.6541264736737499,0.7470413582798927,0.807396516011754,0.812028223441135,0.7428019205832268,0.8545237843684736,0.842731497628703,0.8425525713803398,0.8683313878170567,0.841802219601949,0.8459106611092955,0.6658694107655508,0.5089347726774676,0.4388631037508864,0.3477708277188376,0.283955197972221,0.7551481428516329,0.8206524434901858,0.8054784198234629,0.39488097552985313,44
Mauritania,0.058,3.654720958773424,0.876391110531701,0.839122977738642,0.9830751244738496,0.9890853630710886,0.9685701293810208,0.8764444159704975,0.8476285323441952,0.8514175734611851,0.8516283990210273,0.8463829085511767,0.7977761312137253,0.7832045767996078,0.7869000803622113,0.6477674102841233,0.478366042687147,0.4328248158864505,0.3055201794836762,0.9449633986661502,0.8567797301992263,0.8035659242316803,0.46611961208534924,45
Paraguay,0.058,3.077605999318569,0.8355769318096746,0.7874416127396661,0.9294269064883316,0.9701160442648106,0.9814152329338272,0.9251435508912684,0.8980098188393362,0.8720573814614503,0.8609440977828537,0.8635176669127805,0.8316119567727899,0.8010861864128773,0.7098400295728149,0.552356369383382,0.3758035943835499,0.3165514982316726,0.2378358948214328,0.9170999491066588,0.8890387122437271,0.8015139599178156,0.3706368392050093,46
Canada,0.058,2.2952511865758094,0.6999632608275572,0.650784864772722,0.7666147921307629,0.8583199478029474,0.9462811854629526,0.8639883270713016,0.8497822595219533,0.8452913370105716,0.8539659885242099,0.8512664717646237,0.8316076024127635,0.8160389147590518,0.7043073325716065,0.491125682385045,0.4087842254569105,0.3336353945715006,0.2429909072648465,0.8055001975423463,0.8532569780320092,0.8008050803770115,0.36913405241957564,47
Azerbaijan,0.058,3.048841429420784,0.7781764112532916,0.6846590777286663,0.805891363116118,0.9302344547105318,0.9875009519117288,0.9448953590020692,0.9076342562989408,0.8602647045563855,0.871478635225495,0.8970073502377491,0.8794612728676934,0.8166930120180756,0.607907237774179,0.3437254549788853,0.2503309159705762,0.3718428241383159,0.2915830793199623,0.8520714618667612,0.8960682387707226,0.8002672182244243,0.3143705686019349,48
Bahamas,0.058,3.073143191294719,0.7896203813598367,0.6960126083838564,0.9180808874583511,0.955878201883319,0.9849966957629662,0.8736440954752939,0.8336974208694077,0.8415666201962293,0.8811781113529054,0.8712130844261149,0.8230142289655608,0.7927307298443169,0.7121249105047489,0.5891919964518603,0.3561741706986375,0.3004131002393123,0.2076639748504037,0.8887420983721231,0.8575215619734591,0.7997707384351853,0.3633608105600534,49
China,0.058,2.542754897325384,0.7522303532747975,0.6096762176219896,0.847167498393359,0.8959726612067395,0.965711960466708,0.9250411449087624,0.8932417631493923,0.8481486808749025,0.8691021751287322,0.9054437729186824,0.8409825892393422,0.7369797857790132,0.7110775174243895,0.5321974632726226,0.3953532306380007,0.3483790164148607,0.2998753793037531,0.829632084422199,0.8838834410154474,0.7986209163403568,0.3939512724073092,50
Congo,0.058,3.122790924020443,0.888727010553696,0.8650935949011745,0.974478001005981,0.9698750774572972,0.9490856507849637,0.9034774823286288,0.9106267761150952,0.9230740301883428,0.9117744641081456,0.876491929130287,0.81617452459281,0.7954480430137058,0.7039217655809038,0.593591266642358,0.5121906971116845,0.4277625341331306,0.3239104874165714,0.9396330810373541,0.9122381881850531,0.7980090655794266,0.46436374632593613,51
Kyrgyzstan,0.058,3.0903465787052813,0.8306187820007735,0.7836875506660962,0.8720284410575102,0.9404464369598056,0.9858145359907822,0.9414552838582038,0.8983741465266585,0.853317931425322,0.856196093210065,0.8811185821876489,0.8409158335582296,0.809815487937775,0.6578707516257165,0.4476241024943012,0.2832299759673962,0.3583712668246439,0.3079360363936324,0.8954942411685485,0.8873358637550623,0.7974301638273424,0.3492903454199934,52
Latvia,0.058,2.27409729516184,0.72096412117639,0.7004964876743277,0.7332694802214688,0.7863504952737413,0.9271181413777344,0.9115811386058944,0.9233660554349656,0.861484586624819,0.8593597283641654,0.8639148729763252,0.8267247782447016,0.8124883780718279,0.6819518431212651,0.5083816864245247,0.5084608333077746,0.5325321061218016,0.4155003369841173,0.7868086511368181,0.888947877257461,0.7962699681035299,0.49121874070955457,53
Poland,0.058,2.576938070289608,0.7598547340196562,0.6174089817766053,0.7702177831102255,0.9058397216567584,0.9570686683793068,0.9400386431639416,0.9422395397719994,0.8975976531473504,0.8831209297926906,0.8629989350176124,0.8186116296429444,0.8076676498019754,0.695048868663477,0.555499904010618,0.4492901717700801,0.5705091740859618,0.4103965958642446,0.812633788730724,0.9157491914689955,0.7960817707815023,0.4964239614327261,54
Estonia,0.058,2.2585682457240206,0.7217864163301743,0.648485349924427,0.7668468783611955,0.8804443693744618,0.9238414637359122,0.901162464538084,0.892543613546288,0.8499177099066149,0.8588732319012353,0.864137418506346,0.8065841882843144,0.8019405086234963,0.7102529575997902,0.5351433501816462,0.4397587143349507,0.5172479260717333,0.3762984086747171,0.8049045153489991,0.8756242549730555,0.7957287682534867,0.46711209981576185,55
United Arab Emirates,0.058,3.330212070357751,0.8956740721454561,0.8892369369167314,0.9395810903241908,0.931337448899232,0.9640806143996744,0.9842416606857698,0.98316623392336,0.967481649610016,0.9368588344081136,0.8771903489727831,0.8107793209153058,0.8052416726283097,0.6878981791466574,0.5301066913216055,0.3296223756550401,0.3071554519926996,0.2131218299213796,0.9310590226349571,0.9679370946568149,0.795277380415764,0.34500158722268115,56
Philippines,0.058,3.1534691396933563,0.8352797316297571,0.7530242182400871,0.9472519817834656,0.9748336849384684,0.9809943257036062,0.9025790267670448,0.8702726913177604,0.8654337907595334,0.8749595349314956,0.8669604358546374,0.8202638398347832,0.7966179626516037,0.6953954590593963,0.5516024247441537,0.3642203129301072,0.3476380443403296,0.241591416894962,0.9140260526664068,0.8783112609439585,0.7948094243501052,0.3762630497273881,57
Tajikistan,0.058,3.849880173935264,0.8563003146733219,0.818140816741877,0.9076946730332992,0.9804121019376724,0.994859560268103,0.941356111941414,0.8934036555886569,0.856198792551107,0.8605842255599652,0.8723361220849992,0.8453197307405262,0.7727138796396479,0.6757295196965243,0.4653529369330743,0.3143323918235196,0.3704788579263787,0.3134880022420858,0.9252767879952379,0.8878856964102858,0.7915248130404244,0.3659130472312646,58
Republic of Korea,0.058,2.515950382589438,0.7069084139369833,0.6496698649083941,0.8235581725828607,0.9323068560961546,0.9723076349345088,0.8464600773566551,0.830324066372029,0.8561650468549498,0.8714938768048125,0.8596515080108028,0.8133499879063761,0.7975818302832152,0.6938360747062485,0.4866319726201734,0.3647520333140138,0.3656079707846095,0.2624883781182544,0.8444606321304795,0.8511107668471115,0.7911048502266607,0.36987008870926275,59
Honduras,0.058,3.373610397444634,0.8600553472143045,0.8637191399593649,0.965271153331429,0.984679180158148,0.9828177405049426,0.900759779134072,0.8656793697398203,0.8625620265431864,0.8516570302910178,0.8308526151990434,0.7813431371422188,0.7861875696207904,0.7631164095610401,0.5999614298510303,0.4451733306464228,0.3541922851408086,0.2964994281627797,0.9491218034884712,0.8701645514270242,0.7903749328807732,0.42395661845026034,60
Denmark,0.058,2.2530742935434414,0.6957373867502409,0.649428730612176,0.7835791866900779,0.874311709496391,0.9342292567864332,0.8219966777669119,0.8109761861199436,0.8284019594243895,0.8800608292161869,0.8790582582815423,0.8341714241839391,0.792891880595014,0.6513110267768818,0.4913530633267672,0.505747532709772,0.3906806423249126,0.2607083770699493,0.8103872208962695,0.835358913131858,0.7893581474593443,0.41212240385785026,61
Chile,0.058,2.432843253168654,0.750300023376035,0.7335678744919947,0.8432148187417794,0.9086280562062784,0.9564298250963384,0.891165170764638,0.8648649253323852,0.8342616962139171,0.8469509507950853,0.8518144342569478,0.8087794030982264,0.7946821054176805,0.6954852603613595,0.4981744011819974,0.4011260492315843,0.3316542513583312,0.2718325410750288,0.8604601436340977,0.8593106857765064,0.7876903007835536,0.37569681071173544,62
Seychelles,0.058,2.473381906558773,0.7807589899402902,0.7710286062529997,0.8324499536888719,0.8797322878687767,0.9603908592932404,0.8837644688849885,0.870766524569365,0.8792192528918668,0.8856439740509439,0.8730228369941105,0.8268645000411029,0.7863243978265111,0.662703127350134,0.4163983905012158,0.3651767779267774,0.3549519513317997,0.304795217083049,0.8609004267759721,0.8798485550992909,0.7872287155529646,0.36033058421071046,63
Australia,0.058,2.305012634003407,0.7217761216652726,0.6517735104760438,0.8125600816677521,0.8787876494025644,0.9428234103329578,0.8630799438603003,0.8577383544851123,0.8399753805902384,0.8480724269527866,0.8557793636916389,0.812714176800976,0.789134680182641,0.6870226205453174,0.5028058482406956,0.4401680282712212,0.3631324160194417,0.276556536696338,0.8214861629698296,0.8522165264721094,0.7861627103051434,0.39566570730692413,64
Slovakia,0.058,2.427973322197615,0.7331007851289792,0.56594950823297,0.8154968122963937,0.8939979749771245,0.9571458114850614,0.8806637600011582,0.8901143089733491,0.8865181144955242,0.881496392153179,0.8484668057342994,0.8074090310103991,0.8126986317146507,0.6754956521529989,0.5084767711920747,0.4270608566028897,0.3844830266991835,0.3063584984819906,0.8081475267478874,0.8846981439058027,0.786017530153087,0.4065947882440346,65
Belize,0.058,3.6392272962521295,0.843223539775924,0.836443458837967,0.9762429352209604,0.9907421570318096,0.9857073326809406,0.8802653592842548,0.8495127256114815,0.8629155893518503,0.8757013822728835,0.8715622494914386,0.8089134461960568,0.7749851454040095,0.6805499700560753,0.5031305665488108,0.4159018363475194,0.3498300116808163,0.2693822740310675,0.9472839709429194,0.8670987641301174,0.784002702786895,0.38456117215205354,66
Czech Republic,0.058,2.278415091822828,0.7207131889290962,0.5786833820913668,0.83650193940551,0.8501589092696827,0.9269012652458992,0.868687197928338,0.8855388200344332,0.8903612022822052,0.905311685000869,0.8585170046970341,0.7913649586416522,0.7830482887370533,0.6990063048099768,0.5918422416871058,0.5289965610393969,0.4082775118170282,0.3142511595856315,0.7980613740031146,0.8874747263114614,0.7829841392214292,0.4608418685322906,67
Uruguay,0.058,2.410943977768313,0.7490088045314794,0.7278739326747902,0.8517200569986074,0.9150917907752804,0.9475069309177246,0.8637502356816991,0.8513724872266135,0.8645724780836032,0.8804626650532653,0.8648191541277155,0.7985997970662728,0.7908689061308539,0.6764250809816976,0.4790879079013805,0.4303424192185839,0.4036815914601277,0.3346073900672507,0.8605481778416006,0.8650394665112953,0.782678234576635,0.4119298271618357,68
United States of America,0.058,2.3349236667802384,0.7062469136559858,0.6564321004605427,0.8129327047356558,0.8971195568615792,0.9470188229218484,0.8377070420055578,0.8325183751624753,0.8217889242109105,0.8423980662072289,0.8402753755372264,0.8107879902560211,0.7856981399275536,0.6909593807585677,0.4897323016173772,0.3742966999687408,0.3140122241571176,0.2412811848661382,0.8283757962449065,0.8336031018965431,0.7819302216198422,0.35483060265234345,69
Cyprus,0.058,2.356431700068143,0.7431994840667309,0.6762648695524119,0.7691651996518903,0.8631582730402722,0.940934586797274,0.8899074586602878,0.8981070420260958,0.8818262713909408,0.8696576165168539,0.8594203971003721,0.8056373447111838,0.7953464390941543,0.659776661819282,0.5050977766476498,0.4501941361265397,0.4025336521421806,0.2999402137052179,0.8123807322604621,0.8848745971485446,0.780045210681248,0.414441444655397,70
Colombia,0.058,2.8044185813458262,0.7875205261253116,0.7683515769359238,0.8995070558659687,0.9534658249811148,0.9757652372815974,0.9036391299481292,0.873532963977181,0.8589449558188613,0.8593359569003266,0.8546597111957046,0.8139317573148709,0.7792102921742647,0.6713318308752075,0.5020127005710203,0.3726332647296234,0.3048834248082346,0.2712381278327953,0.8992724237661512,0.8738632516611247,0.7797833978900119,0.3626918794854184,71
Solomon Island,0.058,3.4987337678023853,0.8754668555672538,0.8511356891067521,0.9780438303766346,0.9829064279075124,0.9842408020195792,0.8882771717892279,0.8697715596121922,0.878831643892579,0.8785280638798153,0.8343300053869174,0.7792822997392994,0.750322524964298,0.7520808681025986,0.6634741363539536,0.5113317007531311,0.3817496422419468,0.3280107412658599,0.9490816873526196,0.8788521097934536,0.7790039245482784,0.47114155515372286,72
Ecuador,0.058,2.9082387270868826,0.8044886884852558,0.7458388358133824,0.947668990967246,0.9686220433237444,0.969273540318709,0.8831555330579137,0.8583012784356896,0.8562216524997642,0.8601659876000147,0.8458426504191652,0.7958828910609098,0.7739242722896845,0.6918171160268921,0.5277962785378728,0.3790670047109428,0.323365095887334,0.2546712090191902,0.9078508526057705,0.8644611128983455,0.7768667324491629,0.37122489703883493,73
Antigua and Barbuda,0.058,2.8611938001873938,0.7900341171944153,0.7505878338500636,0.9413123667258568,0.9655047075256152,0.9697253552963284,0.9007889635410092,0.9052688475404068,0.9216892310820728,0.9232472335365036,0.8915514084598977,0.815818778198154,0.7620888711216479,0.627874482157936,0.4748708185942952,0.3570831056767796,0.3187851595985851,0.3028593342388731,0.9067825658494659,0.9127485689249981,0.774333384984409,0.36339960452713327,74
Lithuania,0.058,2.465585944752981,0.7105468649261766,0.6410284082041784,0.8272876244019615,0.9372685711749176,0.958154831305982,0.8847828181773227,0.8841840061783116,0.8690829799027341,0.8868426544367232,0.892974541933563,0.8092604736801993,0.7651166356489602,0.6299621647991578,0.4766779045526513,0.4803347997938875,0.4557623511905024,0.3391658408996989,0.8409348587717598,0.8812231146737729,0.77432845401547,0.43798522410918506,75
Dominican Republic,0.058,2.8154914804088587,0.8095605309302384,0.7817278713039751,0.9262681870003562,0.9569653682143388,0.9703144043796572,0.9078075588111376,0.8821743507331088,0.8686100920264663,0.8703955690615316,0.8557546397041459,0.8009763861061632,0.7635516668810938,0.6732866909876303,0.4986147856467599,0.3763909827834848,0.3315722975073523,0.2805713934203925,0.9088189577245818,0.8822468926580611,0.7733923459197584,0.37178736483949737,76
Pakistan,0.058,3.903745016013629,0.8473698894746887,0.8090138762286371,0.9920343713813538,0.9868020432618264,0.9834947322003568,0.8776242928545841,0.8171746922792785,0.8042735121172704,0.8391750174514785,0.8327306802869341,0.8030688596181552,0.7652614057237415,0.6924954270648247,0.5343789435477122,0.4232840098602958,0.3417424399245283,0.1978207331446485,0.9428362557680435,0.8345618786756528,0.7733890931734138,0.37430653161929617,77
Argentina,0.058,2.434874673526405,0.7778675056112324,0.7487379016797828,0.8549850774745386,0.914975346177044,0.9498472020031266,0.8750527132510512,0.8631448997301733,0.8662129050015037,0.8679263166427476,0.837685656548613,0.7780307991185567,0.7735632811684962,0.7010038911289187,0.5225812934609916,0.4672104764062543,0.4046541237357474,0.3595160187453831,0.8671363818336231,0.8680842086563689,0.7725709069911462,0.43849047808709407,78
Indonesia,0.058,2.79686580306644,0.7982281797859446,0.6876218277741658,0.8691809280904647,0.9486557293817036,0.9743892566124542,0.893690748555245,0.8809163737805501,0.8766032208489893,0.8711924738709368,0.849371990875899,0.7933070081752333,0.7675913952054585,0.6749000686935921,0.5150266945733162,0.3705951431822026,0.3089624594669445,0.2816579996631837,0.8699619354646971,0.8806007042639303,0.7712926157375457,0.3690605742214117,79
Albania,0.058,2.783532795178876,0.7038883782924562,0.6202273749167064,0.7873105282884814,0.9386872372666843,0.9800261014936706,0.8691829558999837,0.7927183791942156,0.7652417640792338,0.8073045695025858,0.8613226137800779,0.8143898725144766,0.771762822480972,0.6338543804366639,0.4420681811361281,0.3871708353710277,0.3960394741333161,0.3027768034768822,0.8315628104913857,0.8086119171690047,0.7703324223030477,0.38201382352933855,80
Austria,0.058,2.434683432112436,0.6863973950284674,0.4966144544630717,0.8066082269048778,0.8950233451616745,0.9640464055114112,0.8549117955502732,0.850490850729462,0.8352135860523824,0.851800069976078,0.8758109465349025,0.844877790344197,0.7776406764956051,0.5778619074670539,0.454771918225629,0.4271589366129108,0.4674192945677567,0.2889688487685203,0.7905731080102588,0.8481040755770489,0.7690478302104397,0.4095797495437042,81
Israel,0.058,2.274360881448041,0.7693077819294964,0.8036139513059612,0.8600568597967377,0.9015291937634854,0.9072833096103896,0.8398237655121081,0.8580379508248229,0.8603755223490372,0.86838217610242,0.8411998687815416,0.767631305468066,0.7633598023762318,0.7009817347212428,0.5439405804550309,0.3976583912008357,0.383489906448999,0.3193877096957649,0.8681208286191435,0.856654853697097,0.7682931778367705,0.4111191469501576,82
El Salvador,0.058,3.248601297955707,0.79785285147208,0.7617275031185793,0.898009138547701,0.979760857034484,0.985071806434475,0.8996523037274029,0.8367925186850099,0.8364223338676899,0.8616899218937546,0.8522470762975273,0.7842653341115818,0.7565122079283161,0.6793144275691103,0.5169037190467203,0.3995287568222698,0.3474833649524657,0.2856461025393954,0.9061423262838098,0.8586392695434644,0.768084761476634,0.38739048584021285,83
Venezuela,0.058,2.5371130999829643,0.8018984222188077,0.8098076072225007,0.8997946492794326,0.932059431699744,0.938280846293641,0.8941720069609912,0.898919178162942,0.8886057430709691,0.878999524799269,0.857736695804477,0.7919511905989265,0.7486672714086164,0.6737474095754548,0.5129609682219445,0.4119865195182389,0.3207580870522155,0.2763454470033467,0.8949856336238295,0.8901741132485428,0.7680256418468687,0.38051275544893637,84
Japan,0.058,2.059217311277683,0.6784291373429601,0.6489297108678941,0.7637426658106864,0.8378694506526975,0.8946879666811524,0.7858732857866237,0.8280325126573336,0.8592431165040962,0.8822592401071532,0.8504040534701764,0.7607247157791397,0.7431418890294667,0.7107426213487129,0.6341622164776126,0.5579388967088489,0.5015559531940308,0.3672686702439635,0.7863074485031075,0.8388520387638017,0.766253319906874,0.5152314341561139,85
Guatemala,0.058,3.7382688817717207,0.8482684731344065,0.8634071586182898,0.9825339396367948,0.9912125130848688,0.9818354262502352,0.8906326601715496,0.8422980336369069,0.8370740858162296,0.8331654886053876,0.8137364465714458,0.771399709935206,0.7551115985861178,0.710461852582929,0.5765932136440364,0.3931527346397466,0.3482537984239537,0.2674812867777625,0.9547472593975472,0.8507925670575185,0.7626774019189247,0.3963702583713748,86
Laos,0.058,3.673838475127768,0.8378226551874672,0.8188327650463669,0.9784103826089756,0.988253869301308,0.9890586078707432,0.8927940778960011,0.8284490591663897,0.8090702223990417,0.8149207063312417,0.8081476850913896,0.7697087680928739,0.7563742649977427,0.7142600837592545,0.6107678793447404,0.4098441173468057,0.3332532556691325,0.2515280832798527,0.9436389062068484,0.8363085164481685,0.7621227004853152,0.40134833391013286,87
Costa Rica,0.058,2.806392317887564,0.7571148161465058,0.6648101370747417,0.8994374172203654,0.952871024151623,0.9766548283328496,0.916152042451308,0.8887870651145768,0.8580836600828636,0.8364629879751525,0.8305835051866299,0.7974654469294444,0.7723780053045699,0.6464428021144387,0.4378608164501583,0.347865055730322,0.2818624393118742,0.2343250450564323,0.873443351694895,0.8748714389059752,0.7617174398837708,0.3254783391371967,88
Nicaragua,0.058,3.412572984327087,0.8384398931556972,0.793849747584916,0.9702944332788914,0.9831422034303146,0.985208468830142,0.9215231581415556,0.8849118246778735,0.8549483481201834,0.8463382533541081,0.8306037764309993,0.768459663810096,0.7628863621859461,0.6806623670212244,0.5271260849300414,0.3821782932044087,0.3162890272426291,0.2411693701125066,0.9331237132810659,0.8769303960734302,0.7606530423620664,0.36669069387239644,89
Malaysia,0.058,2.6692259302896084,0.8018747318506005,0.7719988674826981,0.8949674846989703,0.9413076298680892,0.9648535439681838,0.9272536662789784,0.9077320663235844,0.8680531203388271,0.8448995375471249,0.8404058401123258,0.8031586985429664,0.7580837247329569,0.6388358708648065,0.5956047505634894,0.3346151108479792,0.2664670530310565,0.1994686774688777,0.8932818815044854,0.8869845976221287,0.760121033563264,0.34903889797785065,90
Brazil,0.058,2.932675144804089,0.7757585666610167,0.6671273338158898,0.9071014301447524,0.9649704027560234,0.9805172312929146,0.9109560703432402,0.893066377270511,0.8784862764986879,0.8601147464873641,0.841459742390021,0.7888729743008867,0.7556131843035729,0.6514902976765584,0.4802716671570559,0.3910201388165926,0.3267281874847556,0.288570829014492,0.8799290995023951,0.8856558676499509,0.7593590496677597,0.371647705618224,91
Belarus,0.058,2.256159457308348,0.6929461598591975,0.6808026979038511,0.6924071577703212,0.7824156539953215,0.9346122076852388,0.9115794471146432,0.9047690485181958,0.8409528937760584,0.8379799795407786,0.8416018467624207,0.8082286264970491,0.7743182947551376,0.6065632587900207,0.446672641674983,0.3088763152045349,0.4143252492460167,0.3062319707090648,0.7725594293386832,0.873820342237419,0.757678006701157,0.3690265442086499,92
TFYR Macedonia,0.058,2.483036097955708,0.7265373665700334,0.6196390295056116,0.7825411854801663,0.9115798871840188,0.9670252981680204,0.8705764152157803,0.867891143354888,0.8472640633413153,0.8369019760416089,0.8243379908855621,0.7818835867918369,0.7661878315877524,0.646361919092861,0.4764961716753828,0.4196342788649216,0.3974220161804921,0.3408482866398112,0.8201963500844542,0.8556583994883982,0.7546928320895031,0.40860018834015194,93
France,0.058,2.1148760340715502,0.6703311540757656,0.6875928212214995,0.7769806222061794,0.8371723747404134,0.889746326389137,0.8236467682375164,0.8414726590507828,0.8450843314199701,0.8621762872052527,0.8561603959950388,0.8032361295610497,0.7540572058318573,0.5910936409099768,0.4558139547741181,0.3458648000737977,0.3354250943929848,0.2842427249174166,0.7978730361393072,0.8430950114783805,0.7511368430744807,0.35533664353957933,94
Jamaica,0.058,2.95352286439523,0.7831334714549686,0.7028686905567665,0.909136890207504,0.9685106311669832,0.979533488160602,0.906988710223774,0.8272672145883128,0.8158287199163858,0.7970001702149516,0.8320569785771547,0.7637868986848042,0.7543762335644462,0.6507882206413679,0.5053487627496115,0.3955592584979024,0.3817033758010582,0.3476109584633818,0.890012425022964,0.836771203735856,0.7502520828669432,0.40755558887798843,95
Mauritius,0.058,2.266950562333901,0.7304909916181722,0.7862249505489695,0.9170778003140728,0.8886595772481592,0.9162962640247408,0.8488245077889295,0.836240712767693,0.8560830805476823,0.8534941986796936,0.8178374436034311,0.788912016708241,0.7627183656779013,0.6257729339665568,0.4668512105211537,0.3539767275007495,0.2815561148617528,0.2421503096991767,0.8770646480339855,0.8486606249459996,0.7488101899890325,0.33613359064570814,96
Botswana,0.058,3.2687039448040887,0.8500531581935171,0.7976170675447296,0.9423985853672024,0.9840322788298582,0.9741068382808844,0.94048769255555,0.9139999895816728,0.8911337061857333,0.8595761145581731,0.8030482558397158,0.7346269595188252,0.7536411661569484,0.6920200392847057,0.5118732346904935,0.3640792888367518,0.3187232865069815,0.5671330436367796,0.9245386925056687,0.9012993757202823,0.7458341052000488,0.4404522134177516,97
Slovenia,0.058,2.142937688432709,0.6835249573997975,0.6963746266441904,0.7415593241886265,0.8048778762855546,0.8864152856551569,0.8392624787169093,0.8805416299392403,0.8869084674718656,0.8743557046484001,0.8482914710106574,0.7962415849077618,0.7348491421291302,0.6033307732734796,0.4666663108649737,0.4012687920743027,0.3978510118820199,0.3370282201391973,0.7823067781933821,0.8702670701941039,0.7456782428302573,0.4007035837401234,98
Ukraine,0.058,2.335831336149915,0.696985671495178,0.6304715632956989,0.8213828155007172,0.8100721565818975,0.948746224065528,0.9561858749250636,0.9426883397210885,0.8623177010483074,0.8164120013078575,0.8070138023767186,0.7660223659679182,0.7567106653015635,0.6475384159208027,0.5317052949760342,0.3700213438309637,0.5162397671176722,0.3356839682027235,0.8026681898609604,0.8944009792505793,0.7443213123917507,0.4384125935318484,99
Spain,0.058,2.1188908365587733,0.682627352458318,0.7326590488065474,0.7937193252571021,0.7980142785510485,0.8474912422072534,0.8104537494510924,0.8691218306637181,0.8916291013161043,0.8923992942388759,0.8500427689710869,0.7706125430320812,0.7448013489130205,0.6078492271953682,0.4419915613805494,0.4271711751106495,0.3725314125776099,0.3246464290573854,0.7929709737054877,0.8659009939174476,0.7433264720278892,0.3915851445315485,100
Suriname,0.058,2.446240789267462,0.798415586168755,0.7927485771946217,0.9082879931610862,0.928662384948662,0.9281606312982448,0.867061359870303,0.8721535954316112,0.8761555745649149,0.8664212269112891,0.8509487977814489,0.7967341321026915,0.7483754048096911,0.5760904638887734,0.5852962060044462,0.4222422808134443,0.3435506286719927,0.2882862446929333,0.8894648966506536,0.8704479391945296,0.7430371996456513,0.4098438400457041,101
Hungary,0.058,2.09103299637138,0.7022696086343022,0.6372737286127924,0.7592151433767304,0.8351235245932197,0.9091753295345606,0.8069500359128984,0.8079289614227613,0.8455648267386625,0.8761106761883406,0.8341649554214192,0.7261683271470285,0.7362685499340222,0.6749246909613525,0.5521450229671554,0.4860983440391824,0.4444777748918236,0.3538951612025951,0.7851969315293257,0.8341386250656657,0.7428816308659556,0.45915407577518913,102
Panama,0.058,2.5718883531516186,0.7812362242608661,0.7743600650252629,0.9003157901460801,0.9396773898359476,0.9546414798119232,0.8800806319857137,0.8647017428090212,0.8591485888062153,0.8710432891218319,0.8582761196917867,0.7859103942666563,0.7350515061707092,0.5915368959085541,0.4533050412019993,0.3635106236532196,0.2989527374431155,0.2258436185147083,0.8922486812048034,0.8687435631806956,0.7426937290094267,0.3354030052032607,103
India,0.058,2.8998042475298127,0.801722122276112,0.7394536955309872,0.94610192278661,0.9575054891513082,0.9752349879376142,0.9035569147601684,0.8628002716222856,0.8393872600098693,0.8277929150649137,0.80898039430915,0.7435932572581603,0.7409785862642526,0.6754278728430536,0.5109721930319542,0.3980766622841184,0.3118312363552006,0.2716467818978322,0.9045740238516299,0.8583843403643093,0.7422450276686541,0.3731317183922763,104
Portugal,0.058,2.12377492318569,0.6751832839366063,0.6251305438175958,0.7824937685630202,0.8569702953285236,0.8900595390644173,0.796652336548719,0.8547654248915275,0.878958171815962,0.8888104640673478,0.8463681031276508,0.7635870206706743,0.7325226398622433,0.6186316010240869,0.4855137055516462,0.4438098082462719,0.4230028327921068,0.3312960476347985,0.7886635366933892,0.854796599330889,0.7402773411711638,0.4209055985562058,105
Serbia,0.058,2.0915821382964226,0.7062203304792954,0.6006841400748795,0.7632226330663181,0.8573242225311134,0.9271930447927286,0.806248515365149,0.8334929807977958,0.8408004754267224,0.8307316467540553,0.8030241850574704,0.7343414303336921,0.7273257951616812,0.6961023230718271,0.5934041954717377,0.4781402437854876,0.5065459344561314,0.4362303504351725,0.7871060101162599,0.8278184045859306,0.7401984334061678,0.5035801810371323,106
Guyana,0.058,3.262847006984668,0.7664780672383269,0.701184917998003,0.8099244840688123,0.9496846367455342,0.9888938221561578,0.8672082799875769,0.7791388677033463,0.8127043992301398,0.8587673278678837,0.8227931081033402,0.7756662311347114,0.7288327104184502,0.624192409186743,0.5024660055922656,0.3765477973220021,0.3091050626709086,0.2393539884394089,0.8624219652421268,0.8294547186972366,0.7378711147108112,0.35686821350614634,107
Kiribati,0.058,3.061233710902896,0.8238875644043648,0.8036617528717117,0.9297298793721456,0.9767955428585576,0.9705706243749552,0.8936582502787529,0.8163686220836381,0.7824503653538988,0.7707523873031463,0.8083129192805418,0.7561242301041666,0.7242354692757074,0.659370122042662,0.5626030832403627,0.4263200137214112,0.3361837027925267,0.251067897792057,0.9201894498693426,0.815807406254859,0.7370106851757694,0.39404367438658944,108
Oman,0.058,2.831305563781942,0.8380939446668787,0.7957484868518151,0.8548709741768121,0.8771652460691011,0.9495541568172076,0.9665227265131956,0.970039448328271,0.9215379284353424,0.8447678266533875,0.798380018946812,0.7367721010682309,0.7608352471985885,0.6399255878247233,0.409417499428202,0.33120911915239,0.2808146423040467,0.2344190645387154,0.869334715978734,0.9257169824825491,0.7339782387595887,0.3139650813558385,109
Mongolia,0.058,2.7510721896081773,0.8101099684138203,0.8068902920424345,0.8338216273483766,0.9192205968336484,0.9726816450369072,0.9516904145925495,0.9215465904434722,0.8828475489338321,0.8772076811764078,0.8688718173685911,0.7982828742556837,0.7206644255946334,0.5413858910778533,0.3745388940354738,0.3423713054884467,0.3097784031921339,0.2255093024439262,0.8831535403153417,0.9083230587865654,0.7323012520741904,0.31304947628999513,110
Saint Lucia,0.058,3.138882633730834,0.7758902778620713,0.791993875958564,0.8725611247345963,0.959925762236014,0.9886909805226674,0.9406424937922816,0.8853714368620748,0.8653788607211643,0.8599373860463657,0.8526115042733611,0.7873406383765092,0.6969669652200914,0.5832254548301166,0.4515058238498873,0.3571850644721778,0.3267943089231806,0.3009733447514875,0.9032929358629604,0.8878325443554715,0.7300361406750195,0.3591146354991833,111
Malta,0.058,2.4042761213969337,0.6848314476268392,0.530795704627281,0.8039321695575822,0.902569809574657,0.9700513246042736,0.8855984796701223,0.8208714991944864,0.7741648238122523,0.7667932624591824,0.751582246312336,0.7260827173842729,0.7648235184649125,0.6579174032347729,0.5711251653834628,0.4804298540869576,0.3898921788563605,0.3038804767133971,0.8018372520909484,0.8118570162840109,0.7251014713490737,0.4363319187600445,112
Croatia,0.058,2.086501708824532,0.6775537806642107,0.617019487784846,0.7311819311378475,0.8713374784161336,0.9172576973078436,0.808929533216955,0.8362592177244592,0.8374991497300578,0.8201523017136298,0.7957264127900276,0.7435348049029767,0.7292570112643241,0.6270369529634727,0.4942133355377933,0.4331228392686045,0.4730311350564565,0.3893624496051853,0.7841991486616677,0.8257100505962754,0.7238887954802002,0.44743243986700987,113
Maldives,0.058,4.315197658262352,0.7913948574410857,0.7277834066782434,0.9300821333211312,0.9889320918036276,0.9982319389954132,0.9703098557947863,0.8643940059233018,0.7836430003596881,0.7642621823577614,0.7846738003915705,0.7651075195572767,0.7202928433921665,0.6238902557095922,0.491755303731373,0.3969033520999271,0.3558162498952286,0.2365345096834132,0.9112573926996038,0.8456522611088844,0.7234911047626515,0.3702523538524855,114
Belgium,0.058,2.050950449744464,0.6477456285529809,0.6286156186452208,0.7170286591488015,0.8453762894529422,0.844250861687977,0.8755156192086939,0.8228051774632849,0.8468436570566789,0.8094517712402629,0.8021508376796735,0.7992824907917473,0.7102765890685422,0.5763165674852325,0.4844356011820395,0.347258483809437,0.3728370812540722,0.1316157657446602,0.7588178572337354,0.8386540562422302,0.7220066212562989,0.3340367329975522,115
Fiji,0.058,2.926218736967632,0.7897224589852584,0.7100605575371258,0.9121113120731648,0.9666953474044868,0.9744025492052212,0.9041026502725596,0.8651307676845637,0.8392291816530808,0.8224622300186504,0.8102128670237342,0.7622213924925507,0.7097814803519977,0.6005367680924738,0.4917815299685506,0.3750294676707407,0.2856781072640445,0.2195953488323366,0.8908174415549996,0.8577312074072136,0.720688126990189,0.3430211134339181,116
Romania,0.058,2.0973703668654173,0.696734410882176,0.6499546060150465,0.7570429748587597,0.8351922081426066,0.8851384278774663,0.8479249406201391,0.8580699293401959,0.8643224928284173,0.8546289656654504,0.8496532052507384,0.6918103732168105,0.6871053332197317,0.636926318116233,0.5152774458083167,0.4111312148928727,0.4295344281339958,0.3598544458327313,0.7818320542234698,0.8562365821135507,0.7163738074508783,0.42894938366697916,117
Bangladesh,0.058,3.2274901773424194,0.8054428744415295,0.7256818202073005,0.9577146350375496,0.9848095843427306,0.9713742182665772,0.8894622740490955,0.8546396335413095,0.8321506552951785,0.8210797916091301,0.8119039995271573,0.7050367259658328,0.7043539827384715,0.6367641273991356,0.5265639131405115,0.4489184605381434,0.3244303936678481,0.3133407843524548,0.9098950644635395,0.8493330886236785,0.7145147089076492,0.4033133879247395,118
Sri Lanka,0.058,2.855405410068143,0.7472743695530698,0.6883113625509687,0.9057388228901396,0.94872769786429,0.977035108302864,0.8925081607217553,0.8446386837720343,0.8381575022425634,0.8194341270510813,0.7925626223768613,0.7374769248142978,0.7157480954635879,0.5999695611331988,0.4299597248040359,0.3638602255071427,0.2979082365094999,0.4015251930611547,0.8799532479020656,0.8486846184468586,0.7114393009469864,0.3733133449704583,119
Ireland,0.058,2.2216445623850087,0.70127803560724,0.6632423609456624,0.863782356030065,0.9047912737227258,0.8974727944884633,0.7873983975736135,0.8508161987079166,0.878204373522002,0.8580836444208069,0.8054529510177162,0.7318610169390944,0.7012456945230696,0.5996181870117003,0.4352603574406732,0.3872404046732368,0.3142485895909286,0.2447938007501653,0.8323221962967291,0.8436256535560847,0.7095444623728951,0.345385788113751,120
Egypt,0.058,3.301785820783646,0.7944885384668694,0.7230479928293518,0.894382082868411,0.9615367729636144,0.9892691387519776,0.9261441318350772,0.8550446398923188,0.7898538896811769,0.8004615080660691,0.7906823544080042,0.7428720738716166,0.721022101047115,0.5812844496370395,0.4252694901071826,0.3390598702803701,0.2633635492966826,0.2616711106624331,0.8920589968533387,0.8428760423686604,0.7089652447409438,0.3223410050866671,121
Greece,0.058,2.1369358148381603,0.6695498453599943,0.5708497627610761,0.8303027187267444,0.8719428328958604,0.9117054475777446,0.7873242686096392,0.8485853406477925,0.8729753563743986,0.861638450598037,0.8265504292432644,0.7338498472450736,0.6966183254159208,0.5780119347385301,0.4592401258058621,0.4338307246294534,0.4558773247341185,0.3717380252762488,0.7962001904903564,0.8426308540574667,0.7087576341606973,0.4301715501114207,122
Montenegro,0.058,2.3195868843781944,0.6927478985621489,0.616738998791974,0.7783448690714277,0.9105109073764894,0.9485918741187868,0.8144340335878688,0.826024500902859,0.8348601186330784,0.8223866843241331,0.7849656862909811,0.7464182128022545,0.701659990478033,0.5961391686625916,0.4662759077288918,0.3625985110577333,0.4304460456684646,0.32299314267763,0.8135466623396694,0.8244263343619849,0.707295764558465,0.39557840178317993,123
Yemen,0.058,3.942138397614992,0.8560991185375575,0.8747831837439815,0.9775642212647332,0.986045673045713,0.9935406144769848,0.9180045718155674,0.80954531979377,0.7720854204026277,0.7420303527076233,0.7333705515087239,0.7104322288292765,0.6905670957608914,0.6442989041175999,0.5717221529525756,0.449352636921409,0.3885695954289705,0.2778849654389235,0.9579834231328531,0.8104164161798971,0.6946671950541229,0.4218823376854696,124
Morocco,0.058,2.7489479682623514,0.7639258328262091,0.6749747010400275,0.9043439053666792,0.9468796189317374,0.9709449511582784,0.8917038839153405,0.8509503427694263,0.8206651671541334,0.7941672000749949,0.7644127744272308,0.7126164653603098,0.7033950111870746,0.5928479897142367,0.4416933544620097,0.3359032160964734,0.3334711351767047,0.406587833797264,0.8742857941241806,0.8393716484784737,0.6933180601722129,0.37941388488311295,125
Syrian Arab Republic,0.058,3.2566308792163543,0.8163658848309845,0.8245080349079564,0.9697030150920466,0.9751616249701888,0.9773172069668418,0.8549082276960013,0.8135615167616748,0.8230582775543246,0.8123174046396747,0.7831251267094916,0.6919346056888982,0.6612244916731034,0.5609217602167336,0.4704170143653461,0.6361406197987229,0.0670647546058723,0.0394691147442001,0.9366724704842584,0.8259613566629188,0.6743014960720567,0.30327287587853535,126
Saudi Arabia,0.058,2.771928016354344,0.8069083068703816,0.787223256385561,0.9478060500972262,0.9632070438871692,0.954670420558984,0.8717637209638702,0.8832468515138401,0.9042540647513938,0.898904996275607,0.8184972105887771,0.6890797427641738,0.6433738281827353,0.5365740146456186,0.4002485065581629,0.315947779366665,0.3047619289301024,0.1974464815921996,0.913226692732235,0.8895424083761778,0.6718811990453262,0.3046011741117825,127
Turkey,0.058,2.617558773424191,0.7432173875222061,0.6900260181607585,0.8720899183728136,0.9488412863996336,0.9644856339882236,0.8481006261564059,0.8247067425477034,0.831324104977252,0.8080933103406331,0.773787867763948,0.6825203824459499,0.6388279761742773,0.5607528777959108,0.4358998880387389,0.3623102196890321,0.3086673758874312,0.4204382045801816,0.8688607142303573,0.8280561960054985,0.6639722760450215,0.38182892204884594,128
Kuwait,0.058,2.91321600153322,0.7528157533659866,0.7751036944833053,0.935074655052431,0.9148910330117972,0.923283356157876,0.937739982957486,0.9868983039833464,0.9840445775509332,0.9212672039992252,0.8427245756618265,0.701811059309979,0.6178438718800374,0.4791823826529999,0.2945140384603456,0.3106765803098267,0.0634032116190241,0.0907531027973251,0.8870881846763524,0.9574875171227477,0.6603904723762106,0.18983673329663037,129
Bulgaria,0.058,2.820019780017036,0.6266004380979452,0.774390299444021,0.9052838829539934,0.9538207951932998,0.9741957148192156,0.9497717888068862,0.9375557884334024,0.8964908072696434,0.871934785165537,0.8308558394656453,0.7164597745035342,0.5996956001625271,0.4901876589469121,0.2934747852145416,0.1839642388385476,0.144416381977354,0.1219846780201939,0.9019226731026325,0.9139382924188671,0.6592997182696547,0.1859600210126593,130
Lebanon,0.058,2.552874314923339,0.7392849316793767,0.6840660336345121,0.8491649929445046,0.9287753332055944,0.9556982866250512,0.888148333822325,0.8324999091273848,0.8181184428206408,0.7903198679832872,0.7614586650457351,0.6827920106232821,0.6213420089489883,0.5306028685863461,0.4606560620908331,0.4302602905535053,0.4009185551479247,0.3254310664350598,0.8544261616024156,0.8322716384384095,0.6490488883010879,0.40431649355683075,131
Tunisia,0.058,2.83680616471891,0.7209168950747928,0.6362373023710365,0.8720273432337791,0.9363082315842988,0.978359671121362,0.9168588530091252,0.862367962244935,0.8036981440162916,0.764611502324177,0.7570281128597935,0.6794936771829196,0.6359663645688632,0.4964076639741536,0.3528589210043676,0.3312492783230446,0.3273270129238815,0.2645982362226732,0.8557331370776191,0.8368841153986322,0.6422239546464324,0.3190083621184917,132
Cabo Verde,0.058,3.9692285376490632,0.7868098986266674,0.8626938451589499,0.9635097128476344,0.9895700456320896,0.994546018239971,0.8965768287500244,0.7796837005349554,0.7346358897696977,0.7448805057432007,0.7423860279547331,0.6737675543208164,0.6153901572979863,0.5295543531924067,0.4987603686615042,0.4597067439007334,0.4173553882966065,0.314634147913614,0.9525799054696612,0.7889442311994697,0.6402745231914857,0.42261416219311454,133
Samoa,0.058,3.077883169165247,0.7834867757927069,0.7997159560657829,0.953735113895558,0.9722863767604764,0.9692671228977916,0.7964161311072482,0.7293085409969412,0.748746196510407,0.7961315993017478,0.769563323454747,0.652964477513878,0.6003199968171523,0.5195178711189837,0.3792068738192212,0.3506944907366451,0.30741878565586,0.3748738789037981,0.9237511424049023,0.767650616979086,0.6355914172261902,0.35304850727888115,134
Bosnia and Herzegovina,0.058,2.531434045298126,0.6218782455991825,0.5155581019943115,0.8351643916459242,0.9335846227956226,0.9650252196781696,0.7947097753412437,0.6882983926979334,0.6694006520734357,0.6591348652893668,0.6797014692043815,0.651849718200251,0.6203649339485688,0.5532324066394294,0.3874325552604889,0.4467406507603085,0.455578409139323,0.3294593329632252,0.812333084028507,0.7028859213504949,0.6262871319981577,0.4048027370308364,135
Sao Tome and Principe,0.058,3.267463209199319,0.8356132874452626,0.8958860117302794,0.9699857041176136,0.9695257353741236,0.9792007467221202,0.903005305267224,0.8381786049351595,0.7869643262744278,0.7459720810291076,0.7028098098532077,0.6445053400698078,0.5934588084991935,0.5484189216951747,0.4565659302748466,0.450300412916452,0.3987526713646452,0.2692414103315531,0.9536495494860342,0.8185300793764797,0.6222982200293459,0.3937151062218742,136
Tonga,0.058,3.5392656597955705,0.7734560996871654,0.7160193730935516,0.9273097734303696,0.9726480556904096,0.9891759590307666,0.8744177162402677,0.7835187346650061,0.7141269847331511,0.7200089921446708,0.7157527713969071,0.6478623107146557,0.5858625770928996,0.5363773655228619,0.4750203429286999,0.4003499419222291,0.3482366894774579,0.3739509004847159,0.9012882903112743,0.7730181069457739,0.621463756181831,0.39938946870327574,137
Iran,0.058,2.694802378517888,0.7241672041575171,0.6921723952533465,0.8744164473865592,0.9217228085838476,0.9706946342807504,0.9359484580097418,0.9073392742606708,0.8136040753404002,0.7371663357528135,0.6991943617287615,0.6263756337209896,0.5962577061791512,0.5154608652175291,0.3658249640444102,0.2822684859701687,0.2523897583266153,0.2340704189468795,0.864751571376126,0.8485145358409065,0.6093221417116078,0.2836384068220184,138
United Kingdom,0.058,1.7540562594889268,0.5406936509967062,0.4650681958623901,0.6353138237443274,0.6860310704279624,0.8479020685831257,0.6949736621031328,0.689938992410099,0.6491673513456048,0.6971713694513151,0.6940661494242487,0.6920838252541914,0.550640419442684,0.4827914316976813,0.3000780251842089,0.276274537415648,0.2680419189096024,0.1338735671462536,0.6585787896544514,0.682812843827538,0.6048954564547014,0.24456701216392823,139
Algeria,0.058,2.986591519931857,0.7359699283689872,0.6739992644020288,0.8685240063914275,0.9471627461478402,0.9817553336946684,0.9352170906689194,0.8741143577332777,0.7908403325773072,0.7550850802990062,0.7175274372736832,0.6390782260220758,0.5936386043938995,0.4616541767716383,0.3294043064105797,0.3102442364126924,0.2675200733764601,0.2101109461891741,0.8678603376589912,0.8388142153196277,0.6029746111153241,0.27931989059722656,140
Jordan,0.058,3.316616119420784,0.8071939352264584,0.8138774405704982,0.9661304565821842,0.9807113903936008,0.9793028890651672,0.9200929354968116,0.8522192098756902,0.8350233875502655,0.7888375875580593,0.7370180910977788,0.6178598290117319,0.5164806800015118,0.524678211062982,0.4293375719368051,0.4106928109913131,0.3153511830420411,0.1985144253841356,0.9350055441528626,0.8490432801202066,0.5990092027935011,0.33847399783857374,141
Uzbekistan,0.058,4.102778028449745,0.7414315478832523,0.6984676325070346,0.9167147047496388,0.9867459583918732,0.9958385211934928,0.8846353773916772,0.7630489802663544,0.7207245638746287,0.7157747072731775,0.7234375093591542,0.6249064381004807,0.5621624428721116,0.4201711575318499,0.4071981976514011,0.3352294308604721,0.32187461914809,0.3847845278748337,0.8994417042105098,0.7710459072014595,0.5826693869658992,0.36227169388369923,142
Germany,0.058,1.3037827736626917,0.2783406158951382,0.2604133520639363,0.2308367867312822,0.3310259208320562,0.5734654176990552,0.4422417486877603,0.361125274546003,0.383243413213028,0.3990257838686865,0.4374520679382023,0.4184912642262214,0.3446793773729759,0.1926656398249817,0.1214095288136685,0.0983656253937252,0.1147139274459468,0.0551812916875326,0.3489353693315825,0.3964090550788695,0.34832208734059533,0.09741759333521827,143
